project_code,sector,contractor,cost_original,cost_revised,duration_months,elapsed_months,planned_progress,actual_progress,payment_delay_days,subcontracting_depth,land_clearance_status,design_scope_change_count,billing_progress_mismatch_pct,is_cost_overrun,is_time_overrun,risk_score
NH-1001,Roads,Apex Bullet Infra Ltd.,912.5,960.4,30,7,21.2,16.1,18.3,0,Pending,0,3.0,0,0,43
NH-1002,Roads,Omkar Roadways Ltd.,1023.6,1057.0,24,11,39.7,34.3,29.6,0,Pending,1,2.5,0,0,41
NH-1003,Roads,Shivalik Infraprojects Ltd.,1007.8,1023.2,42,12,25.6,22.0,14.6,1,Clear,0,2.9,0,0,33
NH-1004,Roads,Shivalik Infraprojects Ltd.,990.8,1029.3,24,4,19.1,11.3,19.7,0,Disputed,0,3.5,0,0,50
NH-1005,Roads,Eastern Rail Infra Pvt. Ltd.,305.6,351.9,18,6,26.8,0.0,128.0,1,Disputed,2,1.0,1,1,95
RW-1006,Railways,Desert Sun Powergrid JV,1031.4,1087.3,24,17,72.9,54.7,103.9,1,Pending,1,3.2,0,1,79
BR-1007,Bridges,Patel Engineering,820.8,853.6,24,22,87.3,78.1,27.4,2,Pending,0,7.5,0,1,52
PW-1008,Power,Bharat Rail Consortium,621.4,650.9,24,16,64.2,60.2,18.8,0,Clear,1,10.8,0,0,41
NH-1009,Roads,Vindhya Powergrid Ltd.,468.1,484.7,60,21,39.4,38.0,17.5,0,Clear,1,-1.0,0,0,24
NH-1010,Roads,Tata Projects Ltd.,235.8,281.7,36,8,25.9,6.9,16.1,2,Pending,5,13.5,1,1,95
BR-1011,Bridges,Apex Bullet Infra Ltd.,596.7,637.8,36,29,82.3,70.5,12.4,2,Clear,1,10.2,0,1,65
BR-1012,Bridges,Bharat Rail Consortium,1022.3,1106.3,36,21,53.7,38.5,12.3,2,Disputed,1,2.4,1,1,76
PW-1013,Power,Vindhya Powergrid Ltd.,1039.6,1209.5,48,45,95.0,85.5,17.6,1,Clear,5,-1.0,1,1,63
RW-1014,Railways,Larsen & Toubro Infra,948.2,1035.9,24,15,71.4,50.8,96.1,2,Clear,0,14.1,1,1,93
BR-1015,Bridges,Shivalik Infraprojects Ltd.,733.6,809.4,48,44,90.9,69.3,83.9,0,Disputed,1,-0.0,1,1,87
NH-1016,Roads,Tata Projects Ltd.,979.1,1105.6,36,8,23.1,0.0,149.0,0,Pending,3,5.9,1,1,95
NH-1017,Roads,Eastern Rail Infra Pvt. Ltd.,353.5,354.7,18,3,13.9,4.1,65.4,0,Clear,0,-5.0,0,0,40
NH-1018,Roads,Patel Engineering,969.3,995.8,18,15,76.0,68.4,13.2,1,Pending,0,1.7,0,0,40
BR-1019,Bridges,Eastern Rail Infra Pvt. Ltd.,686.3,710.2,36,13,33.6,23.7,12.0,1,Pending,0,4.5,0,0,49
NH-1020,Roads,Apex Bullet Infra Ltd.,849.6,864.4,30,10,39.8,34.4,28.9,0,Clear,0,0.9,0,0,26
BR-1021,Bridges,Larsen & Toubro Infra,1700.1,1897.7,48,41,84.4,66.5,10.4,2,Pending,1,12.4,1,1,89
RW-1022,Railways,Desert Sun Powergrid JV,1393.9,1455.5,36,33,86.6,79.3,34.0,2,Clear,0,9.3,0,0,50
RW-1023,Railways,Bharat Rail Consortium,408.3,465.2,36,15,40.4,23.5,49.1,1,Disputed,1,12.6,1,1,95
NH-1024,Roads,Larsen & Toubro Infra,531.4,580.6,48,24,52.8,25.9,124.2,0,Disputed,1,-0.4,1,1,95
NH-1025,Roads,Omkar Roadways Ltd.,598.1,626.4,36,19,56.6,50.4,12.1,0,Pending,1,0.5,0,0,43
RW-1026,Railways,NCC Infrastructure,862.8,877.0,24,5,20.0,10.6,52.6,2,Pending,0,1.5,0,0,49
RW-1027,Railways,Dilip Buildcon Ltd.,451.9,509.1,30,11,37.8,21.7,24.3,1,Pending,3,8.8,1,1,78
BR-1028,Bridges,Omkar Roadways Ltd.,617.0,687.2,18,17,94.0,77.2,32.3,1,Disputed,0,7.1,1,1,85
RW-1029,Railways,NCC Infrastructure,1315.2,1323.1,60,12,17.5,17.5,12.7,0,Clear,1,-4.1,0,0,15
NH-1030,Roads,Himalayan Infra Engineering,836.6,957.7,42,29,75.4,50.1,32.8,2,Disputed,2,2.1,1,1,95
PW-1031,Power,Larsen & Toubro Infra,1282.3,1324.8,42,25,58.5,52.7,10.9,0,Clear,0,3.5,0,0,34
BR-1032,Bridges,Ganga Construction Co.,625.5,655.2,60,38,58.7,49.1,26.8,1,Clear,0,6.1,0,0,51
PW-1033,Power,Dilip Buildcon Ltd.,863.1,1069.9,30,23,81.8,45.6,129.5,2,Pending,5,15.2,1,1,95
RW-1034,Railways,Omkar Roadways Ltd.,1349.4,1393.7,36,30,84.2,68.1,60.4,2,Pending,0,9.7,0,1,73
RW-1035,Railways,Himalayan Infra Engineering,845.7,845.7,30,26,83.9,83.9,26.7,0,Clear,0,-0.4,0,0,14
NH-1036,Roads,Tata Projects Ltd.,608.2,639.6,18,10,51.0,41.3,98.7,0,Clear,0,2.8,0,0,52
NH-1037,Roads,Desert Sun Powergrid JV,541.9,579.0,18,6,28.6,11.1,139.0,1,Pending,0,11.9,0,1,84
NH-1038,Roads,Bharat Rail Consortium,1192.3,1353.6,36,12,34.3,21.6,21.8,1,Pending,1,12.0,1,1,81
BR-1039,Bridges,Bharat Rail Consortium,483.0,489.2,36,16,39.3,30.5,108.6,0,Clear,0,-0.9,0,0,41
NH-1040,Roads,Eastern Rail Infra Pvt. Ltd.,1015.5,1125.1,60,33,54.7,31.9,131.2,1,Pending,1,3.1,1,1,91
BR-1041,Bridges,Larsen & Toubro Infra,357.9,367.7,24,13,55.9,54.0,11.3,0,Clear,0,-0.7,0,0,25
BR-1042,Bridges,Vindhya Powergrid Ltd.,1240.3,1319.2,48,36,76.1,66.6,33.3,2,Clear,0,8.8,0,1,59
RW-1043,Railways,Afcons Infrastructure,855.9,884.3,36,16,42.4,30.7,86.2,2,Clear,0,-0.4,0,0,58
NH-1044,Roads,Larsen & Toubro Infra,969.5,1021.8,24,14,51.4,40.8,18.3,1,Pending,0,4.9,0,0,57
PW-1045,Power,Omkar Roadways Ltd.,437.0,474.9,18,11,58.1,32.4,137.1,0,Disputed,0,7.8,1,1,95
RW-1046,Railways,Tata Projects Ltd.,728.8,781.3,36,23,62.5,48.8,145.7,0,Clear,1,5.7,0,1,72
RW-1047,Railways,Himalayan Infra Engineering,755.8,802.0,48,34,73.8,68.6,24.4,1,Clear,2,0.5,0,0,42
BR-1048,Bridges,Ganga Construction Co.,1294.9,1433.9,42,27,61.2,40.2,20.4,2,Disputed,1,11.8,1,1,95
PW-1049,Power,Dilip Buildcon Ltd.,717.9,725.3,48,21,40.0,36.3,25.8,0,Pending,0,-1.6,0,0,28
BR-1050,Bridges,Apex Bullet Infra Ltd.,385.4,409.5,30,16,46.7,23.2,84.7,2,Pending,0,9.1,0,1,95
BR-1051,Bridges,Afcons Infrastructure,617.1,657.7,48,22,43.8,35.3,26.1,1,Clear,0,9.2,0,0,49
NH-1052,Roads,Dilip Buildcon Ltd.,1021.9,1234.6,36,26,67.0,33.6,148.8,1,Disputed,5,-2.6,1,1,95
RW-1053,Railways,Ganga Construction Co.,335.0,342.7,42,18,47.6,46.1,19.5,1,Clear,1,10.6,0,0,37
PW-1054,Power,Dilip Buildcon Ltd.,613.7,642.5,60,32,53.5,45.3,22.1,1,Pending,2,-1.1,0,0,51
NH-1055,Roads,Apex Bullet Infra Ltd.,564.0,654.2,48,12,22.1,7.1,16.9,1,Pending,3,6.2,1,1,84
NH-1056,Roads,Apex Bullet Infra Ltd.,622.6,648.3,30,13,46.7,34.7,64.4,0,Pending,0,1.0,0,1,53
RW-1057,Railways,Dilip Buildcon Ltd.,1680.4,1736.1,36,12,31.3,24.8,16.6,1,Clear,1,-2.6,0,0,36
NH-1058,Roads,Larsen & Toubro Infra,1431.4,1519.7,30,6,19.0,11.8,10.1,2,Clear,0,12.4,0,0,61
NH-1059,Roads,Vindhya Powergrid Ltd.,971.5,1016.7,36,24,69.8,48.1,139.9,1,Pending,0,3.6,0,1,90
NH-1060,Roads,NCC Infrastructure,439.1,489.3,60,54,93.7,82.3,31.6,2,Clear,3,8.4,1,1,71
NH-1061,Roads,Ganga Construction Co.,233.1,249.9,36,29,83.2,71.4,26.5,1,Pending,1,4.0,0,1,59
NH-1062,Roads,Apex Bullet Infra Ltd.,980.4,1066.2,60,26,43.2,29.3,87.2,1,Pending,3,-2.6,1,1,74
NH-1063,Roads,Patel Engineering,1010.7,1042.3,36,13,35.8,35.4,49.7,0,Clear,0,4.5,0,0,30
PW-1064,Power,Eastern Rail Infra Pvt. Ltd.,775.0,792.3,36,12,34.9,30.0,15.5,0,Pending,0,8.4,0,0,42
RW-1065,Railways,Dilip Buildcon Ltd.,1285.3,1295.5,48,40,85.9,81.2,19.8,0,Pending,0,4.3,0,0,37
NH-1066,Roads,Dilip Buildcon Ltd.,1052.7,1200.9,18,6,29.8,11.2,53.0,2,Pending,1,13.4,1,1,93
BR-1067,Bridges,Apex Bullet Infra Ltd.,771.9,815.4,24,7,32.8,20.1,18.4,0,Disputed,0,-2.2,0,1,57
NH-1068,Roads,Himalayan Infra Engineering,796.8,809.8,36,27,75.1,75.1,14.8,0,Clear,1,0.7,0,0,19
NH-1069,Roads,Omkar Roadways Ltd.,690.0,767.0,48,11,24.0,11.2,117.2,0,Clear,2,2.6,1,1,67
NH-1070,Roads,Tata Projects Ltd.,1643.0,1734.9,30,6,18.0,6.7,84.0,2,Clear,0,7.5,0,0,68
RW-1071,Railways,Himalayan Infra Engineering,1160.1,1206.1,60,16,31.0,21.4,33.6,1,Pending,0,9.0,0,0,54
NH-1072,Roads,Omkar Roadways Ltd.,896.6,972.3,36,10,32.9,26.9,12.3,0,Pending,1,4.3,1,0,52
NH-1073,Roads,Omkar Roadways Ltd.,707.2,707.2,36,13,32.2,28.5,77.6,1,Clear,0,3.0,0,0,38
RW-1074,Railways,Larsen & Toubro Infra,1077.2,1130.9,24,15,63.2,58.3,22.1,0,Clear,2,6.6,0,0,39
PW-1075,Power,Bharat Rail Consortium,1099.0,1218.8,24,6,25.2,0.0,119.2,0,Disputed,0,10.2,1,1,95
RW-1076,Railways,Patel Engineering,619.2,664.6,36,23,70.0,54.8,95.5,0,Clear,1,4.9,0,1,72
RW-1077,Railways,Afcons Infrastructure,904.4,1031.9,30,18,57.7,32.8,69.0,2,Disputed,2,10.8,1,1,95
PW-1078,Power,NCC Infrastructure,1164.6,1257.4,36,28,75.6,69.5,23.6,1,Pending,0,12.1,1,0,60
RW-1079,Railways,Afcons Infrastructure,1016.8,1056.9,36,24,66.1,47.2,58.8,1,Disputed,0,6.5,0,1,79
PW-1080,Power,NCC Infrastructure,1370.5,1423.6,18,12,72.6,61.9,20.0,2,Clear,1,0.7,0,0,45
PW-1081,Power,Dilip Buildcon Ltd.,745.0,777.1,42,21,45.6,36.8,25.4,1,Clear,0,3.6,0,0,44
BR-1082,Bridges,NCC Infrastructure,1392.8,1464.1,60,15,31.8,23.7,11.3,1,Clear,0,12.7,0,0,47
RW-1083,Railways,Patel Engineering,765.8,773.9,30,17,57.6,55.8,26.7,0,Clear,0,-2.2,0,0,19
BR-1084,Bridges,Ganga Construction Co.,687.7,757.4,42,35,84.1,58.1,56.9,1,Disputed,1,8.8,1,1,95
RW-1085,Railways,NCC Infrastructure,699.7,787.2,42,25,61.3,38.5,137.2,1,Clear,2,7.7,1,1,95
RW-1086,Railways,Vindhya Powergrid Ltd.,1094.9,1132.1,36,23,59.8,50.9,19.5,1,Pending,1,3.6,0,0,49
RW-1087,Railways,Tata Projects Ltd.,260.5,289.3,36,19,51.3,41.1,18.5,1,Clear,1,15.5,1,0,69
RW-1088,Railways,Himalayan Infra Engineering,1255.4,1356.2,48,10,21.0,6.6,113.7,1,Clear,1,2.9,1,1,76
RW-1089,Railways,Apex Bullet Infra Ltd.,779.6,810.8,36,26,76.5,76.3,20.3,0,Clear,2,2.5,0,0,29
BR-1090,Bridges,Bharat Rail Consortium,675.2,708.4,42,19,47.3,38.6,12.8,0,Pending,1,8.0,0,0,53
NH-1091,Roads,Bharat Rail Consortium,636.3,708.4,42,16,39.2,26.4,89.5,1,Clear,1,15.0,1,1,79
PW-1092,Power,Eastern Rail Infra Pvt. Ltd.,394.6,406.5,24,8,31.9,25.3,72.0,1,Clear,0,8.0,0,0,54
BR-1093,Bridges,Omkar Roadways Ltd.,922.4,941.8,18,4,26.7,23.2,65.1,0,Clear,0,2.2,0,0,29
PW-1094,Power,Tata Projects Ltd.,436.2,451.1,24,5,21.4,14.6,19.1,2,Clear,0,4.3,0,0,43
RW-1095,Railways,Eastern Rail Infra Pvt. Ltd.,474.3,515.9,42,18,43.0,21.1,128.5,2,Clear,0,8.3,1,1,95
RW-1096,Railways,Tata Projects Ltd.,867.3,890.0,36,10,28.8,28.8,12.9,0,Clear,0,-3.5,0,0,20
NH-1097,Roads,Bharat Rail Consortium,853.7,986.5,30,28,95.0,77.9,66.9,2,Clear,3,12.1,1,1,95
RW-1098,Railways,Shivalik Infraprojects Ltd.,562.3,620.1,24,8,35.8,16.2,105.2,2,Pending,1,12.1,1,1,95
PW-1099,Power,Dilip Buildcon Ltd.,609.0,638.5,18,5,22.8,7.5,102.7,2,Clear,0,-5.0,0,1,62
NH-1100,Roads,Patel Engineering,337.0,337.4,36,11,34.1,28.2,22.1,1,Pending,0,-0.5,0,0,32
RW-1101,Railways,Larsen & Toubro Infra,773.0,839.0,36,14,39.5,24.2,100.3,1,Clear,3,-1.2,1,1,66
RW-1102,Railways,Ganga Construction Co.,864.7,923.5,24,12,48.2,33.1,106.1,1,Clear,1,9.2,0,1,77
NH-1103,Roads,Shivalik Infraprojects Ltd.,381.0,421.6,30,11,34.0,20.2,13.2,2,Clear,2,10.0,1,1,76
PW-1104,Power,Larsen & Toubro Infra,1169.8,1273.9,24,20,78.9,64.9,32.5,1,Pending,2,6.2,1,1,70
BR-1105,Bridges,Afcons Infrastructure,547.5,559.1,36,24,67.5,58.9,56.1,0,Pending,0,3.1,0,0,48
BR-1106,Bridges,Ganga Construction Co.,1190.4,1278.2,18,4,23.7,10.6,76.0,1,Pending,0,3.5,0,1,67
RW-1107,Railways,Bharat Rail Consortium,1087.1,1168.1,24,13,52.8,42.0,22.2,2,Pending,1,9.0,0,0,64
BR-1108,Bridges,Bharat Rail Consortium,926.5,1092.4,24,7,31.2,5.7,112.8,0,Disputed,3,5.8,1,1,95
RW-1109,Railways,Eastern Rail Infra Pvt. Ltd.,1161.5,1255.9,36,26,70.8,60.3,27.1,0,Disputed,1,0.1,1,0,58
RW-1110,Railways,Afcons Infrastructure,921.0,937.1,48,32,60.6,54.6,61.8,1,Clear,0,4.1,0,0,42
BR-1111,Bridges,Patel Engineering,416.3,417.7,42,25,60.7,54.8,29.0,0,Pending,0,1.5,0,0,32
NH-1112,Roads,Vindhya Powergrid Ltd.,441.1,454.5,36,28,77.4,76.9,13.4,1,Clear,0,3.1,0,0,27
BR-1113,Bridges,Afcons Infrastructure,761.5,863.1,36,23,61.2,35.7,129.5,0,Disputed,1,7.0,1,1,95
BR-1114,Bridges,Apex Bullet Infra Ltd.,592.6,664.0,18,6,30.0,9.9,28.4,2,Disputed,1,16.4,1,1,95
BR-1115,Bridges,Patel Engineering,1038.0,1117.1,24,14,62.9,48.0,62.4,1,Pending,1,6.9,0,1,74
NH-1116,Roads,Ganga Construction Co.,500.3,508.2,36,7,18.2,7.6,94.6,0,Clear,0,-2.5,0,0,44
BR-1117,Bridges,Omkar Roadways Ltd.,802.2,940.8,18,10,46.7,31.4,32.5,0,Pending,5,6.0,1,1,85
NH-1118,Roads,Omkar Roadways Ltd.,547.6,589.9,60,16,24.1,6.8,17.7,2,Disputed,0,10.7,0,1,87
PW-1119,Power,Apex Bullet Infra Ltd.,1579.6,1867.2,36,7,21.6,8.6,21.5,1,Clear,4,13.2,1,1,79
RW-1120,Railways,Dilip Buildcon Ltd.,453.9,504.1,42,10,24.2,0.4,97.2,0,Disputed,1,1.9,1,1,91
NH-1121,Roads,Apex Bullet Infra Ltd.,880.2,961.8,60,46,79.4,67.5,22.4,0,Pending,3,1.6,1,1,54
RW-1122,Railways,Shivalik Infraprojects Ltd.,786.7,862.7,30,20,58.1,48.5,14.2,1,Clear,3,9.8,1,0,63
NH-1123,Roads,Desert Sun Powergrid JV,749.2,793.8,30,24,79.9,71.6,34.7,1,Clear,2,2.6,0,1,47
NH-1124,Roads,Afcons Infrastructure,918.3,983.2,48,39,85.9,70.8,21.8,2,Pending,0,9.6,0,1,69
RW-1125,Railways,Vindhya Powergrid Ltd.,573.1,634.5,36,17,49.4,37.0,25.3,1,Pending,2,6.9,1,1,68
NH-1126,Roads,Vindhya Powergrid Ltd.,820.6,829.3,24,20,85.2,75.1,26.1,1,Pending,0,2.9,0,1,46
RW-1127,Railways,Tata Projects Ltd.,961.6,1020.1,48,7,13.9,10.1,15.7,1,Clear,1,-0.1,0,0,35
NH-1128,Roads,Dilip Buildcon Ltd.,628.4,679.3,48,18,39.0,25.9,46.9,2,Pending,0,9.4,1,1,74
NH-1129,Roads,Patel Engineering,1534.8,1703.6,36,14,39.9,21.0,11.6,2,Disputed,0,4.0,1,1,84
BR-1130,Bridges,Himalayan Infra Engineering,1014.5,1217.9,48,27,53.9,31.6,32.7,1,Disputed,3,6.1,1,1,95
BR-1131,Bridges,NCC Infrastructure,526.8,552.6,30,8,32.5,19.1,116.0,0,Clear,2,0.8,0,1,63
NH-1132,Roads,Apex Bullet Infra Ltd.,653.7,659.5,18,5,25.5,24.8,25.3,0,Clear,1,-7.3,0,0,21
BR-1133,Bridges,Himalayan Infra Engineering,1266.2,1340.2,24,19,82.9,76.1,32.0,1,Clear,2,2.4,0,0,49
PW-1134,Power,Apex Bullet Infra Ltd.,521.6,521.6,36,14,38.3,32.2,11.5,1,Pending,0,5.7,0,0,38
BR-1135,Bridges,Shivalik Infraprojects Ltd.,627.2,707.9,30,12,39.1,14.6,112.9,2,Pending,1,14.8,1,1,95
BR-1136,Bridges,Afcons Infrastructure,1000.5,1018.1,24,4,10.8,6.2,24.4,0,Clear,1,-0.9,0,0,30
RW-1137,Railways,Tata Projects Ltd.,868.1,954.5,18,11,59.2,47.3,19.6,1,Pending,2,9.7,1,0,74
NH-1138,Roads,Eastern Rail Infra Pvt. Ltd.,2390.9,2668.1,48,20,46.6,42.1,11.8,1,Clear,2,11.3,1,0,63
NH-1139,Roads,Ganga Construction Co.,584.4,611.4,60,35,52.3,49.0,13.7,1,Clear,3,-1.5,0,0,29
PW-1140,Power,Omkar Roadways Ltd.,411.6,432.8,24,22,87.3,80.3,23.5,0,Pending,1,-4.7,0,0,36
NH-1141,Roads,Afcons Infrastructure,563.2,595.1,36,25,71.1,57.8,14.1,1,Disputed,0,2.7,0,1,66
NH-1142,Roads,Dilip Buildcon Ltd.,1040.1,1225.2,36,11,29.7,11.8,23.6,0,Disputed,4,1.5,1,1,90
RW-1143,Railways,Shivalik Infraprojects Ltd.,814.5,897.9,18,17,92.6,79.2,28.9,1,Clear,1,7.9,1,1,70
PW-1144,Power,Afcons Infrastructure,423.9,461.0,48,45,95.0,78.8,105.2,2,Clear,0,6.5,1,1,80
RW-1145,Railways,NCC Infrastructure,1780.5,1953.2,42,18,43.1,20.9,100.5,1,Disputed,0,10.4,1,1,95
RW-1146,Railways,NCC Infrastructure,711.5,808.6,30,14,44.9,27.6,18.7,0,Disputed,4,-6.5,1,1,80
RW-1147,Railways,Dilip Buildcon Ltd.,344.6,377.5,24,19,77.0,62.9,87.5,2,Clear,1,10.9,1,1,81
NH-1148,Roads,Omkar Roadways Ltd.,523.5,565.1,48,25,53.1,37.9,103.2,1,Pending,1,1.5,0,1,69
NH-1149,Roads,Himalayan Infra Engineering,514.6,536.9,24,6,28.4,22.1,50.7,1,Clear,0,2.2,0,0,39
NH-1150,Roads,Tata Projects Ltd.,593.3,659.7,48,39,81.7,51.9,105.0,2,Disputed,1,3.3,1,1,95
NH-1151,Roads,Apex Bullet Infra Ltd.,836.6,925.7,36,26,74.2,48.7,124.9,2,Pending,0,13.6,1,1,95
NH-1152,Roads,Eastern Rail Infra Pvt. Ltd.,766.0,836.4,30,15,50.0,44.2,11.3,1,Clear,3,-0.5,1,0,45
PW-1153,Power,Larsen & Toubro Infra,1694.3,1851.1,42,8,19.9,3.3,28.4,2,Clear,2,7.3,1,1,75
RW-1154,Railways,Ganga Construction Co.,902.2,965.5,42,7,11.6,0.0,13.1,1,Pending,1,-0.1,0,0,53
PW-1155,Power,Desert Sun Powergrid JV,639.9,639.9,42,22,48.8,47.7,31.4,1,Clear,0,1.8,0,0,19
NH-1156,Roads,Eastern Rail Infra Pvt. Ltd.,517.9,560.1,30,13,45.2,33.9,47.5,2,Pending,2,8.2,1,0,71
NH-1157,Roads,Tata Projects Ltd.,664.4,747.8,30,6,22.3,1.6,70.1,1,Pending,1,13.0,1,1,95
RW-1158,Railways,Omkar Roadways Ltd.,485.1,508.3,42,26,62.2,52.0,85.8,1,Clear,0,3.3,0,0,57
RW-1159,Railways,Tata Projects Ltd.,696.0,768.2,48,26,49.7,27.0,82.2,2,Disputed,1,4.8,1,1,95
PW-1160,Power,Vindhya Powergrid Ltd.,352.6,408.5,18,15,81.2,54.0,65.7,2,Disputed,2,10.6,1,1,95
BR-1161,Bridges,Eastern Rail Infra Pvt. Ltd.,343.0,404.2,18,3,17.7,0.0,27.5,1,Disputed,5,8.4,1,1,95
NH-1162,Roads,Himalayan Infra Engineering,1125.9,1224.2,24,14,60.2,46.2,10.2,1,Disputed,0,12.0,1,1,82
RW-1163,Railways,Himalayan Infra Engineering,587.1,587.1,24,11,57.7,57.7,25.9,0,Clear,0,-4.6,0,0,19
BR-1164,Bridges,Larsen & Toubro Infra,300.2,332.2,24,21,88.5,88.2,11.0,0,Clear,3,-2.3,1,0,38
RW-1165,Railways,Afcons Infrastructure,2048.6,2221.1,30,26,86.4,62.9,131.4,2,Pending,0,13.0,1,1,95
RW-1166,Railways,Himalayan Infra Engineering,748.1,819.4,48,27,59.4,46.9,79.9,1,Pending,2,3.3,1,1,71
NH-1167,Roads,Patel Engineering,694.3,741.1,36,7,24.0,17.0,15.1,0,Clear,3,-1.8,0,0,38
RW-1168,Railways,Bharat Rail Consortium,1520.5,1694.4,30,22,70.6,44.0,32.5,2,Disputed,2,10.1,1,1,95
BR-1169,Bridges,Bharat Rail Consortium,796.4,835.1,24,14,58.7,45.4,19.0,2,Pending,0,1.7,0,1,54
PW-1170,Power,NCC Infrastructure,910.6,1027.0,36,26,74.6,52.9,121.5,2,Clear,3,7.7,1,1,95
RW-1171,Railways,NCC Infrastructure,1007.7,1050.1,36,14,43.8,37.7,32.7,0,Pending,0,-13.2,0,0,37
RW-1172,Railways,Larsen & Toubro Infra,722.3,816.0,48,14,27.4,12.6,103.0,1,Clear,3,2.8,1,1,79
RW-1173,Railways,Ganga Construction Co.,656.8,673.8,48,45,92.1,87.7,71.0,0,Clear,0,-3.5,0,0,33
BR-1174,Bridges,Desert Sun Powergrid JV,527.5,600.1,24,12,49.2,31.8,79.9,0,Clear,4,8.2,1,1,87
BR-1175,Bridges,Dilip Buildcon Ltd.,867.1,947.2,18,9,50.5,33.0,55.8,1,Disputed,1,6.5,1,1,82
NH-1176,Roads,Afcons Infrastructure,693.7,806.9,24,16,63.2,48.3,108.4,0,Clear,4,-0.5,1,1,84
RW-1177,Railways,Patel Engineering,1283.4,1353.2,36,18,53.9,39.9,106.3,1,Clear,0,14.7,0,1,79
NH-1178,Roads,Larsen & Toubro Infra,734.1,842.9,30,27,90.8,79.4,31.0,0,Pending,5,-1.9,1,1,69
BR-1179,Bridges,NCC Infrastructure,737.5,780.3,60,20,37.4,36.3,26.8,1,Clear,2,0.6,0,0,30
BR-1180,Bridges,Patel Engineering,895.5,986.9,36,11,32.4,12.3,123.0,1,Pending,0,8.1,1,1,95
NH-1181,Roads,Desert Sun Powergrid JV,1103.8,1189.1,42,23,54.2,44.9,13.6,1,Clear,1,7.1,0,0,51
BR-1182,Bridges,Himalayan Infra Engineering,1013.7,1042.0,42,20,47.7,43.4,72.3,0,Clear,0,4.4,0,0,39
RW-1183,Railways,Afcons Infrastructure,687.3,766.5,24,18,76.7,60.4,31.8,2,Clear,3,10.6,1,1,80
NH-1184,Roads,Larsen & Toubro Infra,649.5,768.9,36,11,28.0,0.0,116.1,2,Disputed,2,17.3,1,1,95
NH-1185,Roads,Patel Engineering,651.7,694.5,36,30,76.8,71.1,29.7,0,Pending,0,9.1,0,0,55
NH-1186,Roads,Bharat Rail Consortium,375.8,411.3,30,10,35.5,29.2,34.0,1,Pending,1,11.0,1,0,65
NH-1187,Roads,Tata Projects Ltd.,907.3,1085.6,18,16,84.7,62.8,97.0,2,Clear,5,3.4,1,1,95
RW-1188,Railways,Eastern Rail Infra Pvt. Ltd.,629.3,661.4,18,10,52.8,44.0,25.7,1,Clear,0,6.3,0,0,48
RW-1189,Railways,Afcons Infrastructure,604.6,628.0,36,29,78.6,77.4,22.1,0,Clear,1,-4.0,0,0,26
BR-1190,Bridges,Larsen & Toubro Infra,660.1,685.7,30,28,92.8,92.8,18.0,0,Clear,0,1.2,0,0,22
RW-1191,Railways,Himalayan Infra Engineering,663.3,669.6,42,19,46.8,44.9,55.0,0,Clear,1,8.5,0,0,37
RW-1192,Railways,Shivalik Infraprojects Ltd.,861.6,992.5,36,10,26.0,2.3,32.3,1,Disputed,2,12.6,1,1,95
RW-1193,Railways,Bharat Rail Consortium,512.2,576.1,30,19,57.0,31.1,25.0,2,Disputed,2,9.7,1,1,95
BR-1194,Bridges,Eastern Rail Infra Pvt. Ltd.,1153.8,1158.0,36,13,37.9,25.7,111.8,0,Clear,0,-2.6,0,1,49
RW-1195,Railways,NCC Infrastructure,671.3,707.6,42,32,80.8,71.3,60.8,0,Pending,0,6.2,0,1,58
PW-1196,Power,Dilip Buildcon Ltd.,386.3,439.1,36,18,48.9,24.0,54.9,1,Disputed,2,7.7,1,1,95
BR-1197,Bridges,Apex Bullet Infra Ltd.,777.0,777.0,42,20,47.3,45.2,12.0,0,Clear,0,3.1,0,0,22
BR-1198,Bridges,Bharat Rail Consortium,1638.0,1763.9,36,22,64.5,47.4,124.5,1,Pending,0,7.2,0,1,78
NH-1199,Roads,Afcons Infrastructure,628.9,705.2,30,27,81.4,69.0,33.7,2,Clear,3,5.7,1,1,71
NH-1200,Roads,Dilip Buildcon Ltd.,859.5,928.8,24,17,68.3,56.7,26.7,2,Clear,0,10.4,1,0,65
RW-1201,Railways,Patel Engineering,801.5,869.8,48,30,63.9,44.9,112.5,0,Pending,0,9.3,1,1,87
NH-1202,Roads,Patel Engineering,429.1,473.0,48,15,32.6,5.6,75.1,2,Disputed,0,9.1,1,1,95
RW-1203,Railways,Patel Engineering,613.9,655.8,30,21,66.0,53.6,77.1,1,Pending,1,4.6,0,1,65
BR-1204,Bridges,Ganga Construction Co.,330.1,354.2,30,12,37.6,33.9,13.2,0,Clear,2,0.3,0,0,35
NH-1205,Roads,Eastern Rail Infra Pvt. Ltd.,1038.4,1164.5,30,23,81.9,76.8,17.8,0,Clear,3,3.4,1,0,48
NH-1206,Roads,Tata Projects Ltd.,1478.1,1781.1,36,28,76.2,45.9,78.0,1,Disputed,5,3.7,1,1,95
RW-1207,Railways,NCC Infrastructure,1537.4,1835.6,24,19,80.7,64.4,27.5,1,Pending,4,12.8,1,1,95
BR-1208,Bridges,Desert Sun Powergrid JV,277.6,303.1,24,15,63.3,58.5,17.0,0,Clear,3,3.7,1,0,47
NH-1209,Roads,Patel Engineering,627.8,695.9,36,15,44.2,32.3,47.6,0,Pending,1,8.7,1,0,73
NH-1210,Roads,Shivalik Infraprojects Ltd.,539.3,539.3,30,7,23.9,22.5,33.0,0,Clear,0,3.3,0,0,18
RW-1211,Railways,Eastern Rail Infra Pvt. Ltd.,215.2,220.2,60,46,75.1,75.1,30.7,0,Clear,0,2.6,0,0,24
BR-1212,Bridges,NCC Infrastructure,823.4,897.8,48,43,86.5,68.6,128.6,1,Clear,0,11.9,1,1,89
RW-1213,Railways,Bharat Rail Consortium,1311.2,1421.9,42,14,32.1,12.9,104.4,2,Clear,0,14.9,1,1,87
NH-1214,Roads,Afcons Infrastructure,1201.3,1373.7,24,9,43.8,30.0,108.0,1,Clear,4,2.5,1,1,87
NH-1215,Roads,Desert Sun Powergrid JV,547.6,629.9,24,10,41.8,23.9,143.2,0,Clear,4,3.5,1,1,84
NH-1216,Roads,Patel Engineering,394.3,443.6,24,6,26.7,0.0,127.3,1,Disputed,0,8.3,1,1,95
NH-1217,Roads,Eastern Rail Infra Pvt. Ltd.,675.0,721.5,48,30,60.5,42.5,131.4,0,Pending,0,3.4,0,1,76
RW-1218,Railways,Vindhya Powergrid Ltd.,760.3,881.1,30,22,70.6,40.4,142.8,2,Pending,2,7.0,1,1,95
NH-1219,Roads,Apex Bullet Infra Ltd.,655.6,765.9,36,12,31.2,7.0,127.3,1,Pending,3,7.0,1,1,95
BR-1220,Bridges,Apex Bullet Infra Ltd.,301.3,321.0,18,13,67.8,62.2,15.7,1,Clear,1,9.9,0,0,53
NH-1221,Roads,Vindhya Powergrid Ltd.,418.6,443.1,30,26,88.6,79.6,14.6,0,Pending,2,-1.2,0,1,47
BR-1222,Bridges,Tata Projects Ltd.,711.4,768.5,24,16,66.0,53.1,104.0,1,Clear,1,6.2,1,1,72
NH-1223,Roads,Afcons Infrastructure,990.3,1123.6,18,7,37.3,18.3,32.5,2,Clear,2,18.5,1,1,89
NH-1224,Roads,Vindhya Powergrid Ltd.,827.9,894.3,30,9,27.5,8.7,103.5,0,Pending,2,3.0,1,1,83
RW-1225,Railways,Tata Projects Ltd.,422.1,427.8,36,6,9.3,0.0,69.9,0,Pending,1,-5.1,0,0,46
PW-1226,Power,Dilip Buildcon Ltd.,650.7,728.7,18,17,93.0,78.3,86.5,1,Clear,2,11.1,1,1,83
RW-1227,Railways,Larsen & Toubro Infra,320.3,337.3,18,15,84.1,69.9,22.4,2,Pending,0,0.1,0,1,59
RW-1228,Railways,Patel Engineering,1126.2,1228.8,24,4,21.9,0.8,147.3,0,Clear,3,1.4,1,1,89
NH-1229,Roads,Bharat Rail Consortium,435.5,461.2,30,18,57.9,49.8,11.5,1,Pending,2,5.2,0,0,53
NH-1230,Roads,Larsen & Toubro Infra,948.8,966.2,18,9,49.4,46.9,31.8,0,Clear,2,2.0,0,0,27
NH-1231,Roads,Patel Engineering,369.0,369.0,24,21,88.7,88.2,28.3,0,Clear,0,3.7,0,0,24
RW-1232,Railways,Himalayan Infra Engineering,393.6,430.9,48,19,41.1,29.8,20.3,0,Pending,3,6.4,1,0,63
RW-1233,Railways,Ganga Construction Co.,802.4,907.8,24,10,34.3,14.1,98.2,1,Disputed,2,-2.6,1,1,92
BR-1234,Bridges,Patel Engineering,702.1,761.7,24,6,21.8,8.9,100.0,0,Pending,1,4.5,1,1,72
RW-1235,Railways,Shivalik Infraprojects Ltd.,586.8,658.8,36,23,65.9,51.1,105.4,1,Clear,2,8.3,1,1,80
RW-1236,Railways,Bharat Rail Consortium,1000.3,1071.0,24,17,67.3,57.4,34.9,0,Pending,1,7.4,0,0,61
RW-1237,Railways,Afcons Infrastructure,400.4,420.7,36,33,92.8,81.3,32.3,1,Pending,1,-2.5,0,1,53
NH-1238,Roads,Shivalik Infraprojects Ltd.,347.0,358.1,36,22,64.1,54.7,28.9,0,Disputed,0,1.3,0,0,50
PW-1239,Power,Eastern Rail Infra Pvt. Ltd.,293.2,310.4,18,15,83.6,69.4,113.2,0,Clear,2,0.3,0,1,61
NH-1240,Roads,Eastern Rail Infra Pvt. Ltd.,1262.1,1262.1,36,34,94.8,92.3,19.7,1,Clear,0,1.4,0,0,24
BR-1241,Bridges,Larsen & Toubro Infra,1443.2,1655.8,30,8,22.8,6.4,58.5,1,Pending,2,7.4,1,1,86
RW-1242,Railways,Apex Bullet Infra Ltd.,1161.5,1191.8,30,24,80.9,76.6,15.7,1,Pending,0,0.2,0,0,38
RW-1243,Railways,Afcons Infrastructure,1187.9,1246.4,36,29,87.4,81.7,22.5,1,Clear,0,8.8,0,0,48
RW-1244,Railways,Vindhya Powergrid Ltd.,524.1,630.9,36,26,77.1,46.7,147.4,2,Clear,5,10.8,1,1,95
NH-1245,Roads,Omkar Roadways Ltd.,569.3,575.8,60,27,44.2,43.0,18.5,1,Clear,2,-0.2,0,0,23
RW-1246,Railways,Dilip Buildcon Ltd.,567.6,592.3,48,32,67.4,57.7,60.9,1,Pending,1,-2.6,0,0,50
NH-1247,Roads,Larsen & Toubro Infra,1348.5,1422.7,18,8,46.8,39.5,12.9,0,Clear,1,6.0,0,0,43
PW-1248,Power,Afcons Infrastructure,651.9,720.8,18,16,86.7,65.6,106.6,2,Clear,1,12.9,1,1,95
PW-1249,Power,Larsen & Toubro Infra,459.5,494.9,42,22,47.7,30.9,34.9,0,Disputed,0,4.4,0,1,72
NH-1250,Roads,Apex Bullet Infra Ltd.,530.0,552.6,36,16,44.3,37.8,25.0,2,Clear,0,5.3,0,0,45
BR-1251,Bridges,Larsen & Toubro Infra,508.3,521.7,48,25,52.3,40.9,10.4,0,Disputed,0,0.9,0,0,52
RW-1252,Railways,Ganga Construction Co.,1296.5,1303.9,24,16,70.0,70.0,21.0,0,Clear,0,-0.4,0,0,11
BR-1253,Bridges,Vindhya Powergrid Ltd.,493.6,523.1,18,3,15.2,5.7,23.0,2,Clear,0,10.7,0,0,60
BR-1254,Bridges,Bharat Rail Consortium,586.4,665.3,24,6,24.2,10.2,16.1,1,Disputed,2,9.4,1,1,91
BR-1255,Bridges,NCC Infrastructure,1502.3,1568.7,18,17,91.1,76.3,34.2,1,Disputed,0,-0.8,0,1,62
NH-1256,Roads,Bharat Rail Consortium,378.2,412.1,18,7,45.4,32.3,29.6,2,Clear,3,5.8,1,1,63
PW-1257,Power,Eastern Rail Infra Pvt. Ltd.,547.4,646.7,30,17,59.2,36.4,14.5,2,Disputed,2,16.9,1,1,95
NH-1258,Roads,Desert Sun Powergrid JV,463.3,490.2,24,22,95.0,68.8,140.2,2,Clear,0,7.1,0,1,91
BR-1259,Bridges,Eastern Rail Infra Pvt. Ltd.,992.8,1003.7,30,10,29.3,21.5,30.7,0,Pending,0,-2.7,0,0,39
NH-1260,Roads,Vindhya Powergrid Ltd.,640.1,669.1,24,12,55.9,55.0,22.8,0,Clear,1,6.5,0,0,32
PW-1261,Power,Eastern Rail Infra Pvt. Ltd.,530.8,567.6,36,16,44.3,41.1,16.3,1,Clear,1,6.0,0,0,39
RW-1262,Railways,Omkar Roadways Ltd.,829.0,887.1,24,9,37.1,31.8,16.2,0,Pending,1,10.6,0,0,49
NH-1263,Roads,Desert Sun Powergrid JV,347.5,374.1,30,12,42.9,31.5,18.3,1,Pending,2,5.8,0,0,64
NH-1264,Roads,Afcons Infrastructure,635.9,676.0,24,20,85.1,82.3,26.9,0,Pending,2,-1.6,0,0,38
NH-1265,Roads,Afcons Infrastructure,589.0,589.0,24,22,89.5,88.8,25.8,1,Clear,0,2.1,0,0,27
NH-1266,Roads,Patel Engineering,933.2,976.9,30,23,73.2,49.4,133.8,0,Disputed,0,-0.2,0,1,83
NH-1267,Roads,Desert Sun Powergrid JV,612.4,678.7,48,41,92.2,75.6,73.7,2,Clear,3,6.2,1,1,84
NH-1268,Roads,Patel Engineering,1099.5,1298.4,24,22,89.3,68.3,26.6,1,Disputed,4,8.7,1,1,95
RW-1269,Railways,Vindhya Powergrid Ltd.,1229.0,1422.4,30,25,88.2,73.4,67.9,0,Clear,3,6.9,1,1,75
NH-1270,Roads,Larsen & Toubro Infra,1233.9,1413.6,36,8,23.0,3.8,115.5,1,Clear,3,2.4,1,1,90
NH-1271,Roads,Dilip Buildcon Ltd.,1063.8,1245.3,36,24,64.2,41.5,58.9,2,Pending,5,7.6,1,1,95
NH-1272,Roads,Eastern Rail Infra Pvt. Ltd.,724.9,793.5,24,22,95.0,84.8,11.8,1,Pending,1,11.3,1,1,66
RW-1273,Railways,Larsen & Toubro Infra,595.7,649.6,48,33,65.8,55.5,77.7,2,Clear,0,13.0,1,0,73
NH-1274,Roads,Himalayan Infra Engineering,520.4,542.7,18,13,74.5,64.0,90.2,0,Pending,0,8.4,0,0,63
NH-1275,Roads,Dilip Buildcon Ltd.,641.3,719.3,24,16,63.8,50.1,21.3,1,Pending,3,6.4,1,1,75
BR-1276,Bridges,Shivalik Infraprojects Ltd.,716.7,760.8,42,15,35.8,27.5,34.8,2,Clear,2,1.6,0,0,53
RW-1277,Railways,Dilip Buildcon Ltd.,757.8,850.2,30,6,16.6,0.0,19.1,1,Disputed,3,6.2,1,1,90
RW-1278,Railways,Bharat Rail Consortium,447.0,480.0,42,10,21.3,2.1,58.0,0,Disputed,0,2.8,0,1,76
NH-1279,Roads,Apex Bullet Infra Ltd.,364.9,409.4,42,23,54.9,37.9,30.1,2,Pending,1,6.5,1,1,82
NH-1280,Roads,Larsen & Toubro Infra,1319.9,1370.1,36,10,27.5,22.6,12.2,1,Clear,0,4.4,0,0,37
NH-1281,Roads,Eastern Rail Infra Pvt. Ltd.,730.3,816.2,30,16,57.1,35.1,111.0,1,Pending,1,8.2,1,1,95
RW-1282,Railways,Apex Bullet Infra Ltd.,1120.4,1195.5,24,15,58.4,52.8,85.1,0,Clear,0,6.4,0,0,52
NH-1283,Roads,Himalayan Infra Engineering,480.1,485.6,30,14,47.1,44.5,20.3,0,Clear,0,7.0,0,0,33
NH-1284,Roads,Omkar Roadways Ltd.,564.9,678.1,18,10,52.9,39.6,17.7,2,Clear,5,11.0,1,1,89
BR-1285,Bridges,Apex Bullet Infra Ltd.,846.6,887.6,36,11,32.9,23.4,57.1,0,Pending,1,-0.8,0,0,44
NH-1286,Roads,Eastern Rail Infra Pvt. Ltd.,822.2,890.6,30,28,92.5,73.6,22.2,1,Disputed,1,8.1,1,1,80
RW-1287,Railways,Afcons Infrastructure,335.9,372.6,18,13,77.7,74.6,10.5,0,Clear,1,12.2,1,0,51
NH-1288,Roads,Bharat Rail Consortium,535.0,583.2,30,10,29.5,6.8,120.1,2,Clear,1,8.3,1,1,95
BR-1289,Bridges,Bharat Rail Consortium,214.9,240.0,18,8,44.9,34.4,19.7,0,Pending,3,1.9,1,0,62
BR-1290,Bridges,Afcons Infrastructure,1221.2,1299.2,48,12,20.6,12.8,30.4,1,Clear,1,3.1,0,0,47
NH-1291,Roads,Afcons Infrastructure,901.5,994.5,36,11,28.2,15.3,11.0,0,Pending,3,-1.3,1,1,62
NH-1292,Roads,Omkar Roadways Ltd.,926.7,999.6,18,5,30.6,8.9,119.7,2,Pending,0,9.6,0,1,90
BR-1293,Bridges,Omkar Roadways Ltd.,643.8,675.9,30,17,64.0,57.2,30.1,0,Clear,1,-1.4,0,0,31
NH-1294,Roads,Eastern Rail Infra Pvt. Ltd.,644.9,694.8,36,29,84.5,71.0,78.2,2,Clear,0,5.3,0,1,65
NH-1295,Roads,Dilip Buildcon Ltd.,384.7,395.4,30,6,22.8,20.2,30.9,0,Clear,1,-2.4,0,0,25
RW-1296,Railways,Tata Projects Ltd.,650.9,683.8,48,20,40.2,15.3,81.8,1,Disputed,0,5.8,0,1,90
BR-1297,Bridges,Bharat Rail Consortium,517.0,589.9,42,16,44.0,26.2,33.1,0,Pending,4,6.2,1,1,80
PW-1298,Power,Himalayan Infra Engineering,808.5,911.2,36,21,56.4,41.0,118.0,0,Clear,3,0.8,1,1,79
NH-1299,Roads,Apex Bullet Infra Ltd.,995.5,1009.6,24,10,40.6,32.7,32.7,1,Pending,0,7.6,0,0,48
RW-1300,Railways,Ganga Construction Co.,716.0,764.5,30,25,83.2,64.3,33.8,0,Disputed,3,-0.6,0,1,75
RW-1301,Railways,Desert Sun Powergrid JV,664.3,730.8,42,38,90.8,73.2,83.2,2,Clear,0,12.6,1,1,88
NH-1302,Roads,Afcons Infrastructure,514.0,564.6,48,9,16.8,8.6,20.1,0,Pending,1,4.1,1,0,55
NH-1303,Roads,Patel Engineering,1379.3,1426.4,36,12,28.7,25.8,17.5,1,Clear,0,2.3,0,0,32
NH-1304,Roads,Larsen & Toubro Infra,1152.0,1233.4,24,15,60.0,50.9,33.3,0,Pending,1,-1.7,0,0,48
BR-1305,Bridges,Bharat Rail Consortium,1265.0,1328.3,30,16,54.1,45.8,34.2,1,Clear,3,1.6,0,0,50
PW-1306,Power,NCC Infrastructure,562.0,601.1,42,17,38.6,29.0,22.6,2,Pending,1,8.2,0,0,61
RW-1307,Railways,Eastern Rail Infra Pvt. Ltd.,717.0,774.0,48,25,52.7,36.6,148.3,0,Clear,2,-1.8,0,1,74
BR-1308,Bridges,Apex Bullet Infra Ltd.,697.4,765.9,36,9,26.1,0.2,104.7,1,Disputed,0,9.0,1,1,95
PW-1309,Power,Vindhya Powergrid Ltd.,1091.8,1202.8,30,12,41.3,23.0,131.5,1,Pending,3,0.3,1,1,86
NH-1310,Roads,Shivalik Infraprojects Ltd.,553.5,614.7,60,54,89.8,78.5,24.3,2,Clear,3,6.6,1,1,64
RW-1311,Railways,Larsen & Toubro Infra,864.9,931.4,24,21,84.6,80.3,11.4,0,Clear,3,1.7,0,0,39
NH-1312,Roads,Afcons Infrastructure,350.4,373.1,24,11,49.8,38.2,20.8,1,Pending,2,-3.3,0,0,56
NH-1313,Roads,Larsen & Toubro Infra,559.8,622.9,24,13,54.8,43.5,53.4,1,Pending,3,3.6,1,0,72
NH-1314,Roads,Desert Sun Powergrid JV,259.2,313.9,24,22,89.6,67.4,71.0,0,Disputed,5,-6.5,1,1,95
NH-1315,Roads,Shivalik Infraprojects Ltd.,613.1,706.2,24,18,74.0,64.0,33.7,1,Clear,2,11.9,1,1,75
RW-1316,Railways,Eastern Rail Infra Pvt. Ltd.,1177.9,1304.8,18,12,72.1,65.8,24.9,1,Clear,3,-1.7,1,0,45
BR-1317,Bridges,Shivalik Infraprojects Ltd.,805.9,899.3,42,31,71.3,61.2,22.7,0,Disputed,3,-4.5,1,0,64
NH-1318,Roads,Vindhya Powergrid Ltd.,1365.5,1424.7,42,18,43.9,35.9,77.8,0,Pending,0,-5.7,0,0,49
NH-1319,Roads,Eastern Rail Infra Pvt. Ltd.,807.6,834.5,48,40,84.0,80.9,12.6,1,Pending,1,-0.9,0,0,31
RW-1320,Railways,Ganga Construction Co.,1599.5,1617.2,18,6,36.7,36.6,17.8,0,Pending,0,0.9,0,0,26
NH-1321,Roads,Dilip Buildcon Ltd.,936.5,961.9,30,5,17.2,2.2,29.1,0,Disputed,0,2.0,0,1,57
BR-1322,Bridges,Desert Sun Powergrid JV,574.3,633.7,24,20,86.5,74.4,21.7,0,Pending,3,3.9,1,1,62
NH-1323,Roads,Eastern Rail Infra Pvt. Ltd.,881.4,927.4,48,40,74.5,69.1,20.9,1,Pending,1,-2.8,0,0,42
BR-1324,Bridges,Afcons Infrastructure,680.8,728.0,30,24,83.7,71.8,93.2,0,Clear,1,2.9,0,1,54
NH-1325,Roads,Dilip Buildcon Ltd.,1121.7,1178.1,36,14,41.1,38.4,18.6,1,Clear,0,6.9,0,0,38
RW-1326,Railways,Bharat Rail Consortium,583.3,660.9,48,17,29.9,11.3,14.8,0,Disputed,3,1.0,1,1,78
NH-1327,Roads,Bharat Rail Consortium,1029.0,1030.6,24,11,49.9,37.7,86.6,0,Pending,0,-6.0,0,1,48
RW-1328,Railways,Vindhya Powergrid Ltd.,1035.0,1183.3,30,8,28.6,4.7,26.9,2,Disputed,1,9.5,1,1,95
RW-1329,Railways,Eastern Rail Infra Pvt. Ltd.,923.9,984.9,60,23,42.1,27.8,20.8,0,Disputed,0,5.0,0,1,63
NH-1330,Roads,Apex Bullet Infra Ltd.,584.8,630.7,36,32,86.8,80.1,26.1,0,Clear,2,8.6,0,0,46
BR-1331,Bridges,Bharat Rail Consortium,670.7,670.8,48,15,34.5,23.9,66.6,1,Clear,1,0.6,0,0,48
NH-1332,Roads,Patel Engineering,664.9,754.6,24,6,22.7,9.5,65.7,0,Clear,4,-0.2,1,1,73
RW-1333,Railways,Desert Sun Powergrid JV,381.0,423.3,30,26,88.6,78.3,30.8,2,Clear,2,11.3,1,1,70
PW-1334,Power,Shivalik Infraprojects Ltd.,447.5,508.6,30,23,81.8,53.3,143.8,0,Disputed,2,1.5,1,1,95
RW-1335,Railways,Patel Engineering,390.4,470.9,36,14,35.7,9.8,12.4,2,Disputed,5,7.2,1,1,95
PW-1336,Power,Shivalik Infraprojects Ltd.,527.2,606.8,60,53,85.7,69.0,29.9,0,Disputed,5,-0.3,1,1,84
RW-1337,Railways,Omkar Roadways Ltd.,598.6,637.0,30,17,55.4,42.8,140.1,0,Clear,0,3.8,0,1,67
NH-1338,Roads,Apex Bullet Infra Ltd.,661.8,681.3,36,10,32.5,30.0,25.9,0,Clear,1,2.0,0,0,31
RW-1339,Railways,Bharat Rail Consortium,460.8,471.9,24,16,67.7,67.7,26.1,0,Clear,0,3.9,0,0,22
RW-1340,Railways,Himalayan Infra Engineering,557.8,612.6,18,11,63.2,58.8,23.0,0,Clear,2,9.5,1,0,49
BR-1341,Bridges,Desert Sun Powergrid JV,500.5,540.0,36,23,56.9,42.5,48.1,1,Clear,2,5.3,0,1,65
NH-1342,Roads,Dilip Buildcon Ltd.,650.7,688.6,36,20,58.6,45.2,21.6,0,Disputed,0,2.2,0,1,66
NH-1343,Roads,Eastern Rail Infra Pvt. Ltd.,393.1,426.9,18,9,52.0,32.3,143.0,2,Clear,0,14.0,1,1,95
NH-1344,Roads,Desert Sun Powergrid JV,404.5,426.8,42,29,71.1,53.0,138.7,0,Clear,0,6.0,0,1,73
NH-1345,Roads,Desert Sun Powergrid JV,500.2,575.5,24,9,35.7,6.3,135.1,1,Disputed,2,6.4,1,1,95
NH-1346,Roads,Larsen & Toubro Infra,925.7,1074.0,42,23,53.3,22.6,140.3,0,Disputed,3,-0.7,1,1,95
NH-1347,Roads,Himalayan Infra Engineering,812.3,850.1,60,22,33.0,25.1,34.6,1,Pending,0,5.6,0,0,50
PW-1348,Power,Shivalik Infraprojects Ltd.,502.6,547.0,36,27,76.2,68.5,13.7,1,Clear,3,0.1,1,0,50
NH-1349,Roads,Dilip Buildcon Ltd.,817.9,868.9,24,18,71.1,46.9,99.7,1,Disputed,0,4.4,0,1,89
NH-1350,Roads,Tata Projects Ltd.,362.3,392.9,24,16,70.0,58.7,27.8,2,Clear,3,3.5,1,0,60
RW-1351,Railways,Eastern Rail Infra Pvt. Ltd.,805.5,882.1,24,13,56.3,45.5,19.0,1,Pending,2,9.9,1,0,68
BR-1352,Bridges,Omkar Roadways Ltd.,688.2,731.0,24,19,72.2,67.9,18.4,0,Clear,4,-2.0,0,0,37
NH-1353,Roads,Afcons Infrastructure,1723.0,1851.2,30,28,95.0,89.1,16.5,0,Pending,2,5.0,0,0,49
RW-1354,Railways,Larsen & Toubro Infra,757.8,822.3,36,19,52.2,30.7,116.7,0,Disputed,1,-0.7,1,1,81
NH-1355,Roads,Bharat Rail Consortium,700.2,772.0,36,13,37.3,14.1,114.2,2,Clear,2,10.6,1,1,95
NH-1356,Roads,NCC Infrastructure,440.7,501.1,24,10,41.9,18.8,112.0,1,Clear,3,-4.2,1,1,90
NH-1357,Roads,Patel Engineering,647.7,647.7,36,7,17.0,11.7,61.3,0,Clear,0,3.9,0,0,34
NH-1358,Roads,Bharat Rail Consortium,708.4,774.0,30,11,34.2,20.6,46.1,2,Pending,0,6.2,1,1,69
NH-1359,Roads,Patel Engineering,719.3,788.7,42,16,41.8,22.9,143.4,1,Clear,0,11.2,1,1,92
BR-1360,Bridges,Tata Projects Ltd.,595.0,661.8,24,18,76.3,57.5,29.7,1,Disputed,2,8.6,1,1,95
NH-1361,Roads,Ganga Construction Co.,1028.1,1101.5,36,11,27.8,10.7,57.7,2,Pending,0,6.8,0,1,73
NH-1362,Roads,Shivalik Infraprojects Ltd.,790.4,816.7,30,15,53.4,46.4,15.5,1,Pending,1,0.2,0,0,44
NH-1363,Roads,Himalayan Infra Engineering,765.6,823.3,30,18,63.6,44.3,67.6,0,Disputed,0,7.1,0,1,83
RW-1364,Railways,Patel Engineering,550.1,621.2,36,18,53.0,22.0,134.2,1,Disputed,1,10.9,1,1,95
NH-1365,Roads,Vindhya Powergrid Ltd.,666.2,706.5,30,8,28.0,22.3,31.7,2,Clear,0,7.4,0,0,48
BR-1366,Bridges,Larsen & Toubro Infra,1323.5,1363.6,36,20,58.6,45.0,95.8,1,Clear,0,6.4,0,1,60
RW-1367,Railways,Afcons Infrastructure,643.6,672.0,36,16,43.4,40.8,11.3,0,Pending,1,4.6,0,0,36
NH-1368,Roads,Shivalik Infraprojects Ltd.,903.9,1038.7,36,8,26.8,0.9,131.7,2,Clear,2,14.4,1,1,95
PW-1369,Power,Tata Projects Ltd.,581.2,626.3,24,13,53.2,44.7,24.6,1,Clear,1,7.2,0,0,52
PW-1370,Power,Himalayan Infra Engineering,1513.7,1700.0,48,9,19.9,3.3,14.3,1,Pending,3,5.3,1,1,81
RW-1371,Railways,Shivalik Infraprojects Ltd.,1028.5,1145.0,24,13,58.1,42.7,21.0,2,Pending,3,9.5,1,1,80
BR-1372,Bridges,Omkar Roadways Ltd.,503.3,549.0,24,6,27.1,15.6,32.1,1,Pending,2,7.5,1,0,65
BR-1373,Bridges,Omkar Roadways Ltd.,506.7,543.4,36,33,93.0,75.6,99.1,1,Pending,1,-2.8,0,1,72
BR-1374,Bridges,Himalayan Infra Engineering,433.9,451.6,36,7,24.9,16.2,10.8,1,Pending,0,0.8,0,0,45
PW-1375,Power,Afcons Infrastructure,508.0,584.5,42,28,67.8,41.4,113.0,2,Pending,4,3.4,1,1,95
BR-1376,Bridges,Tata Projects Ltd.,423.0,423.0,24,9,31.3,28.6,30.9,0,Clear,0,-2.5,0,0,16
PW-1377,Power,Eastern Rail Infra Pvt. Ltd.,536.0,609.0,30,5,17.6,0.0,30.2,1,Disputed,3,3.5,1,1,90
RW-1378,Railways,NCC Infrastructure,845.3,962.5,24,14,60.9,31.2,110.9,1,Disputed,2,6.1,1,1,95
NH-1379,Roads,Ganga Construction Co.,1063.1,1137.8,18,4,21.4,9.0,26.7,2,Pending,1,10.3,0,1,70
BR-1380,Bridges,Afcons Infrastructure,1016.0,1031.0,30,16,51.1,46.4,16.5,0,Clear,1,3.1,0,0,35
RW-1381,Railways,Shivalik Infraprojects Ltd.,1280.4,1322.2,30,15,45.6,32.7,10.1,0,Disputed,0,4.1,0,1,55
BR-1382,Bridges,Omkar Roadways Ltd.,952.9,959.1,36,18,50.8,50.8,28.0,0,Clear,0,4.5,0,0,29
NH-1383,Roads,NCC Infrastructure,620.5,649.6,36,21,56.1,47.2,19.2,2,Pending,0,8.5,0,0,58
PW-1384,Power,Bharat Rail Consortium,549.7,577.5,36,24,68.4,63.4,20.6,0,Clear,1,7.3,0,0,40
NH-1385,Roads,Tata Projects Ltd.,515.5,566.4,36,21,62.0,42.7,80.5,2,Pending,0,15.1,1,1,95
PW-1386,Power,NCC Infrastructure,326.3,355.5,24,21,86.3,73.7,15.0,1,Clear,1,7.8,1,1,66
NH-1387,Roads,Afcons Infrastructure,1222.7,1370.2,42,17,39.2,28.9,61.0,0,Clear,3,-4.0,1,0,66
RW-1388,Railways,Larsen & Toubro Infra,2200.1,2230.2,24,17,74.4,71.1,30.0,2,Clear,0,7.3,0,0,42
RW-1389,Railways,Bharat Rail Consortium,933.9,1047.3,30,12,34.0,20.6,30.4,2,Pending,2,11.4,1,1,83
BR-1390,Bridges,Afcons Infrastructure,453.5,499.1,36,31,88.4,70.0,123.3,0,Pending,2,2.2,1,1,86
NH-1391,Roads,Himalayan Infra Engineering,660.2,705.6,36,33,92.1,82.8,16.0,2,Clear,0,12.9,0,1,61
RW-1392,Railways,Desert Sun Powergrid JV,553.5,588.2,36,10,30.0,13.7,63.4,0,Disputed,1,2.7,0,1,74
PW-1393,Power,Patel Engineering,871.0,950.8,24,20,83.7,72.2,62.3,1,Clear,2,6.2,1,1,64
BR-1394,Bridges,Larsen & Toubro Infra,355.1,367.8,42,38,92.3,80.1,104.2,1,Clear,0,6.4,0,1,60
PW-1395,Power,Apex Bullet Infra Ltd.,740.1,750.9,24,8,29.8,24.6,20.8,1,Pending,1,-0.6,0,0,36
NH-1396,Roads,Dilip Buildcon Ltd.,768.4,802.8,42,38,91.5,77.9,123.5,0,Clear,1,5.4,0,1,63
PW-1397,Power,Ganga Construction Co.,601.2,692.8,24,22,89.4,82.4,62.5,0,Clear,4,0.4,1,0,58
NH-1398,Roads,Bharat Rail Consortium,292.3,307.2,36,8,20.0,8.4,28.4,2,Pending,0,10.0,0,0,66
NH-1399,Roads,NCC Infrastructure,417.9,434.0,60,33,54.1,42.7,25.5,0,Disputed,1,-0.4,0,0,57
RW-1400,Railways,Omkar Roadways Ltd.,741.7,804.1,18,16,87.5,76.0,31.0,1,Pending,1,10.7,1,1,72
NH-1401,Roads,Vindhya Powergrid Ltd.,369.1,402.9,18,12,65.2,51.1,11.3,0,Disputed,3,-9.7,1,1,67
NH-1402,Roads,Vindhya Powergrid Ltd.,845.1,924.0,42,35,90.3,79.1,31.3,2,Pending,2,1.4,1,1,64
RW-1403,Railways,Eastern Rail Infra Pvt. Ltd.,448.3,522.9,30,12,39.8,15.3,97.3,0,Disputed,3,0.5,1,1,95
NH-1404,Roads,Apex Bullet Infra Ltd.,531.8,549.3,18,9,54.7,41.4,112.3,1,Clear,0,-4.1,0,1,59
RW-1405,Railways,Patel Engineering,1300.0,1437.5,24,15,59.5,50.5,20.3,1,Clear,2,7.3,1,0,60
RW-1406,Railways,Tata Projects Ltd.,1128.2,1232.6,42,19,44.3,25.3,129.2,0,Pending,0,1.0,1,1,78
RW-1407,Railways,Larsen & Toubro Infra,897.4,983.5,30,17,59.6,56.9,16.0,0,Clear,3,-1.9,1,0,39
NH-1408,Roads,Desert Sun Powergrid JV,995.7,1058.4,48,34,68.5,62.9,11.9,1,Pending,0,8.4,0,0,51
PW-1409,Power,Patel Engineering,1455.4,1661.7,42,20,39.6,23.8,60.8,2,Clear,2,12.7,1,1,90
BR-1410,Bridges,Dilip Buildcon Ltd.,1101.7,1101.7,36,17,47.0,47.0,10.4,0,Clear,1,-6.9,0,0,16
PW-1411,Power,Eastern Rail Infra Pvt. Ltd.,460.2,502.3,18,10,49.4,38.9,24.3,1,Pending,2,10.3,1,0,61
RW-1412,Railways,Vindhya Powergrid Ltd.,963.0,976.4,18,17,95.0,90.6,28.9,1,Clear,0,9.1,0,0,41
PW-1413,Power,Desert Sun Powergrid JV,371.4,408.6,18,6,36.6,15.7,88.7,1,Disputed,1,5.3,1,1,90
BR-1414,Bridges,NCC Infrastructure,705.3,794.8,36,8,26.3,13.9,52.3,1,Clear,2,5.5,1,1,70
NH-1415,Roads,Himalayan Infra Engineering,831.6,940.8,24,22,93.5,77.2,29.4,0,Disputed,2,-1.5,1,1,74
RW-1416,Railways,Larsen & Toubro Infra,500.8,535.3,36,20,52.8,45.0,28.3,0,Pending,0,2.0,0,0,42
RW-1417,Railways,Himalayan Infra Engineering,333.2,371.5,30,26,85.1,72.0,28.7,0,Pending,5,-1.2,1,1,66
BR-1418,Bridges,Apex Bullet Infra Ltd.,671.7,743.1,30,9,23.1,10.5,16.4,2,Clear,2,11.2,1,1,74
NH-1419,Roads,NCC Infrastructure,466.4,494.1,24,22,88.7,83.7,16.3,1,Clear,2,-0.7,0,0,34
NH-1420,Roads,Shivalik Infraprojects Ltd.,873.7,884.1,36,33,92.6,84.5,31.5,1,Pending,0,1.6,0,1,43
PW-1421,Power,Desert Sun Powergrid JV,1853.9,1955.3,36,18,48.1,30.4,140.1,0,Pending,0,2.6,0,1,76
RW-1422,Railways,Apex Bullet Infra Ltd.,1211.4,1344.9,36,17,45.9,23.4,34.6,2,Disputed,2,12.5,1,1,95
RW-1423,Railways,Ganga Construction Co.,588.2,656.9,30,12,37.0,23.0,112.4,0,Clear,3,-0.6,1,1,75
BR-1424,Bridges,Bharat Rail Consortium,1247.7,1363.7,48,44,91.3,74.0,18.5,2,Pending,0,12.9,1,1,83
NH-1425,Roads,Tata Projects Ltd.,477.0,505.2,24,21,87.0,77.4,32.8,2,Clear,2,-0.6,0,1,49
PW-1426,Power,Dilip Buildcon Ltd.,469.7,522.6,48,16,34.4,11.1,87.3,0,Disputed,2,-3.3,1,1,90
BR-1427,Bridges,Himalayan Infra Engineering,729.4,754.8,24,5,21.1,1.0,26.4,1,Disputed,0,4.5,0,1,74
BR-1428,Bridges,Dilip Buildcon Ltd.,1148.3,1183.1,36,6,18.2,8.7,34.6,0,Pending,0,6.4,0,0,46
RW-1429,Railways,Himalayan Infra Engineering,698.6,717.0,30,18,64.9,56.6,32.5,1,Pending,0,0.7,0,0,40
BR-1430,Bridges,Afcons Infrastructure,1171.5,1268.4,42,35,85.7,74.5,25.5,0,Disputed,0,7.9,1,1,73
RW-1431,Railways,Afcons Infrastructure,431.3,431.3,24,13,55.7,51.3,24.6,1,Pending,0,-3.8,0,0,31
RW-1432,Railways,Himalayan Infra Engineering,472.9,507.4,36,11,29.0,15.7,86.0,1,Pending,0,3.6,0,1,71
NH-1433,Roads,Afcons Infrastructure,635.5,719.5,42,24,52.8,34.5,45.6,0,Disputed,2,9.2,1,1,95
NH-1434,Roads,Ganga Construction Co.,751.4,802.8,24,15,60.3,45.7,149.9,1,Clear,0,4.4,0,1,74
NH-1435,Roads,Larsen & Toubro Infra,1150.2,1218.9,36,15,40.6,23.7,49.0,2,Pending,0,17.4,0,1,79
NH-1436,Roads,Desert Sun Powergrid JV,794.2,922.1,48,38,78.8,46.4,137.8,2,Disputed,2,5.6,1,1,95
BR-1437,Bridges,Larsen & Toubro Infra,952.9,1030.1,42,11,21.7,13.0,23.9,2,Clear,0,11.0,1,0,61
NH-1438,Roads,Desert Sun Powergrid JV,1016.2,1083.3,36,24,69.7,45.0,142.8,1,Pending,0,3.9,0,1,87
RW-1439,Railways,Dilip Buildcon Ltd.,1216.6,1273.7,42,18,43.1,41.6,19.8,0,Clear,1,5.2,0,0,33
BR-1440,Bridges,Shivalik Infraprojects Ltd.,752.6,759.4,36,21,61.9,57.1,24.3,2,Clear,1,2.0,0,0,32
RW-1441,Railways,Omkar Roadways Ltd.,969.1,1076.8,36,6,9.2,0.0,24.5,1,Disputed,2,0.5,1,0,68
BR-1442,Bridges,Tata Projects Ltd.,854.2,921.3,48,9,22.3,0.0,149.7,2,Disputed,0,11.4,0,1,93
RW-1443,Railways,NCC Infrastructure,633.5,672.5,24,16,66.9,62.7,15.3,0,Clear,4,-4.5,0,0,37
RW-1444,Railways,Himalayan Infra Engineering,1149.7,1295.5,24,17,69.7,52.4,26.3,2,Clear,4,7.7,1,1,85
PW-1445,Power,Patel Engineering,1079.5,1189.8,18,8,43.9,35.0,28.9,1,Clear,1,9.7,1,0,61
RW-1446,Railways,Desert Sun Powergrid JV,1083.5,1174.2,36,7,21.7,1.2,126.7,1,Clear,0,11.2,1,1,92
RW-1447,Railways,Apex Bullet Infra Ltd.,722.8,754.5,36,14,39.3,28.1,33.2,0,Pending,1,2.0,0,0,48
RW-1448,Railways,Vindhya Powergrid Ltd.,617.5,710.3,48,33,70.9,59.0,27.2,0,Clear,5,5.3,1,0,70
NH-1449,Roads,NCC Infrastructure,717.1,721.2,18,7,40.5,36.4,17.0,1,Clear,0,1.4,0,0,28
BR-1450,Bridges,Larsen & Toubro Infra,669.5,696.2,36,21,54.6,45.9,10.0,2,Clear,1,5.4,0,0,50
RW-1451,Railways,Vindhya Powergrid Ltd.,549.6,611.5,48,12,25.1,11.1,30.4,2,Pending,1,9.1,1,1,83
NH-1452,Roads,Vindhya Powergrid Ltd.,968.8,1066.2,60,34,57.6,37.8,133.2,1,Clear,1,3.0,1,1,88
RW-1453,Railways,Apex Bullet Infra Ltd.,209.0,223.9,48,8,19.5,0.0,96.4,0,Disputed,0,8.0,0,1,83
RW-1454,Railways,Shivalik Infraprojects Ltd.,591.5,602.7,36,11,28.8,24.3,30.0,1,Pending,0,5.2,0,0,42
BR-1455,Bridges,Afcons Infrastructure,670.7,744.7,36,13,32.5,14.2,140.1,1,Clear,0,12.1,1,1,93
PW-1456,Power,Apex Bullet Infra Ltd.,285.4,316.1,24,19,76.5,63.9,23.2,1,Clear,4,4.5,1,1,64
RW-1457,Railways,Himalayan Infra Engineering,1253.8,1279.8,42,23,54.1,51.5,10.3,0,Pending,2,1.8,0,0,29
NH-1458,Roads,Omkar Roadways Ltd.,650.3,750.6,18,11,63.9,59.3,19.4,0,Clear,5,5.6,1,0,62
NH-1459,Roads,Larsen & Toubro Infra,1814.4,1960.2,30,20,72.4,64.0,11.4,1,Pending,3,2.9,1,0,53
NH-1460,Roads,Omkar Roadways Ltd.,614.6,646.7,30,26,86.2,72.0,86.9,1,Clear,0,8.2,0,1,66
NH-1461,Roads,Omkar Roadways Ltd.,926.6,986.8,30,21,72.5,53.6,125.7,1,Pending,1,4.3,0,1,79
RW-1462,Railways,Tata Projects Ltd.,847.4,847.4,42,32,78.0,73.9,18.4,0,Clear,1,-6.1,0,0,23
RW-1463,Railways,Omkar Roadways Ltd.,586.3,630.7,60,57,93.2,78.9,114.7,0,Clear,0,6.6,0,1,67
BR-1464,Bridges,Vindhya Powergrid Ltd.,691.0,749.3,18,7,33.7,15.0,20.5,2,Disputed,1,2.6,1,1,82
RW-1465,Railways,NCC Infrastructure,881.8,972.1,30,12,43.4,34.6,18.1,2,Clear,2,9.9,1,0,67
BR-1466,Bridges,Tata Projects Ltd.,484.2,543.5,48,11,21.3,0.0,117.2,0,Disputed,1,7.9,1,1,94
NH-1467,Roads,Omkar Roadways Ltd.,1067.1,1067.1,36,17,48.5,46.9,30.1,0,Pending,0,-1.5,0,0,30
RW-1468,Railways,Tata Projects Ltd.,570.0,595.9,42,18,45.1,35.3,70.8,0,Pending,0,5.1,0,0,55
PW-1469,Power,Bharat Rail Consortium,471.9,504.5,18,15,84.3,67.1,13.2,0,Disputed,2,0.1,0,1,67
BR-1470,Bridges,Desert Sun Powergrid JV,399.8,401.4,18,6,32.5,26.7,13.2,1,Clear,0,7.5,0,0,38
PW-1471,Power,Omkar Roadways Ltd.,1473.9,1700.3,24,8,33.0,11.7,144.8,1,Clear,3,2.0,1,1,95
BR-1472,Bridges,Apex Bullet Infra Ltd.,740.9,886.5,30,22,73.9,41.9,125.1,1,Disputed,4,2.9,1,1,95
RW-1473,Railways,Bharat Rail Consortium,415.9,426.9,60,41,63.3,56.0,70.4,0,Pending,0,-1.0,0,0,39
NH-1474,Roads,Apex Bullet Infra Ltd.,1069.7,1143.6,42,7,25.6,16.8,21.9,1,Clear,0,8.6,0,0,54
BR-1475,Bridges,Apex Bullet Infra Ltd.,643.6,749.4,30,27,90.4,78.0,23.4,2,Clear,4,10.5,1,1,81
BR-1476,Bridges,Himalayan Infra Engineering,1348.6,1394.7,24,12,41.7,36.9,11.3,1,Clear,0,3.4,0,0,30
RW-1477,Railways,Dilip Buildcon Ltd.,679.9,698.5,24,6,23.7,16.5,100.0,0,Clear,0,-3.2,0,0,40
RW-1478,Railways,Apex Bullet Infra Ltd.,412.1,420.1,36,7,19.1,9.7,84.6,1,Clear,0,-0.7,0,0,44
RW-1479,Railways,Ganga Construction Co.,617.0,658.5,36,16,45.3,17.9,121.3,2,Disputed,0,5.0,0,1,95
PW-1480,Power,NCC Infrastructure,415.8,451.6,36,11,35.5,27.5,12.4,1,Pending,2,4.0,1,0,59
NH-1481,Roads,Apex Bullet Infra Ltd.,1188.6,1236.8,36,16,43.0,31.8,29.8,2,Pending,0,8.5,0,0,61
BR-1482,Bridges,Desert Sun Powergrid JV,365.7,406.2,42,7,12.4,0.0,118.1,0,Clear,0,8.4,1,1,74
BR-1483,Bridges,Omkar Roadways Ltd.,1456.6,1601.1,24,8,34.7,12.9,32.6,1,Disputed,1,7.5,1,1,91
RW-1484,Railways,Bharat Rail Consortium,476.5,476.5,36,6,18.7,18.4,27.7,0,Clear,0,4.5,0,0,23
BR-1485,Bridges,Tata Projects Ltd.,220.8,220.8,48,44,90.1,87.3,14.3,0,Clear,0,4.9,0,0,24
RW-1486,Railways,Vindhya Powergrid Ltd.,967.6,1107.0,48,25,54.2,38.5,90.3,1,Pending,4,11.3,1,1,95
BR-1487,Bridges,Himalayan Infra Engineering,901.9,991.6,18,15,86.9,63.4,96.4,1,Disputed,0,4.7,1,1,93
NH-1488,Roads,Ganga Construction Co.,1112.0,1238.0,42,21,52.3,48.5,13.9,1,Clear,2,10.7,1,0,55
BR-1489,Bridges,Vindhya Powergrid Ltd.,546.6,626.1,30,19,67.6,47.3,75.6,1,Disputed,2,8.1,1,1,95
NH-1490,Roads,Dilip Buildcon Ltd.,544.4,565.0,36,21,53.8,51.4,16.0,1,Clear,1,4.0,0,0,38
NH-1491,Roads,Ganga Construction Co.,861.9,861.9,36,32,91.8,80.3,27.4,0,Disputed,0,0.2,0,1,45
NH-1492,Roads,NCC Infrastructure,618.5,674.8,30,11,38.4,27.0,14.5,1,Pending,3,-0.1,1,0,57
RW-1493,Railways,Eastern Rail Infra Pvt. Ltd.,835.2,888.2,48,36,75.5,65.1,28.6,1,Pending,1,3.2,0,1,54
RW-1494,Railways,Afcons Infrastructure,540.8,593.6,24,9,33.8,15.1,119.0,0,Pending,2,1.0,1,1,82
RW-1495,Railways,Eastern Rail Infra Pvt. Ltd.,824.8,935.0,18,16,88.5,77.5,20.7,0,Clear,3,5.2,1,1,63
RW-1496,Railways,Dilip Buildcon Ltd.,916.5,965.6,36,32,85.7,68.1,119.8,1,Clear,0,2.4,0,1,65
NH-1497,Roads,Dilip Buildcon Ltd.,378.9,410.1,30,21,63.7,49.2,146.7,0,Clear,1,4.9,1,1,73
PW-1498,Power,Tata Projects Ltd.,491.4,516.5,36,25,70.6,61.2,22.8,2,Clear,0,12.9,0,0,54
RW-1499,Railways,NCC Infrastructure,349.0,373.8,24,9,32.9,20.6,116.8,1,Clear,0,13.1,0,1,73
NH-1500,Roads,Patel Engineering,652.8,652.8,18,12,67.7,58.6,16.7,1,Disputed,0,0.4,0,0,48
BR-1501,Bridges,NCC Infrastructure,892.6,939.6,24,18,78.9,74.6,33.2,0,Clear,1,6.9,0,0,43
PW-1502,Power,Omkar Roadways Ltd.,914.0,938.1,36,13,37.6,28.8,32.8,2,Clear,0,9.5,0,0,48
PW-1503,Power,Eastern Rail Infra Pvt. Ltd.,980.8,1127.5,30,10,34.5,4.8,130.1,1,Disputed,1,9.3,1,1,95
BR-1504,Bridges,Omkar Roadways Ltd.,310.8,310.8,30,15,51.0,48.3,14.9,1,Clear,1,2.8,0,0,25
NH-1505,Roads,Apex Bullet Infra Ltd.,779.1,822.1,60,9,17.1,5.2,11.6,0,Pending,1,-2.6,0,0,48
PW-1506,Power,Apex Bullet Infra Ltd.,440.5,457.6,24,15,66.3,66.3,12.2,0,Clear,1,-6.0,0,0,23
RW-1507,Railways,Afcons Infrastructure,627.1,743.5,48,23,42.0,15.8,127.4,1,Pending,4,2.5,1,1,95
BR-1508,Bridges,Tata Projects Ltd.,412.4,456.2,30,26,86.4,65.9,137.8,1,Clear,2,10.4,1,1,95
BR-1509,Bridges,Shivalik Infraprojects Ltd.,961.3,980.0,36,18,50.1,44.0,34.4,0,Pending,1,0.1,0,0,34
NH-1510,Roads,NCC Infrastructure,574.6,611.0,36,20,51.6,35.1,14.3,2,Disputed,0,10.0,0,1,81
RW-1511,Railways,Desert Sun Powergrid JV,717.8,781.2,24,15,63.0,48.4,133.9,1,Clear,1,-2.6,1,1,71
RW-1512,Railways,NCC Infrastructure,554.0,609.0,48,19,42.1,31.8,22.4,1,Clear,2,13.6,1,0,62
NH-1513,Roads,NCC Infrastructure,392.8,399.8,24,18,69.8,68.9,23.8,1,Clear,0,4.6,0,0,31
NH-1514,Roads,Patel Engineering,1418.2,1472.1,36,26,66.4,50.7,18.6,0,Disputed,0,6.9,0,1,64
NH-1515,Roads,Afcons Infrastructure,344.9,369.6,36,20,63.9,45.0,50.2,1,Disputed,0,5.4,0,1,80
NH-1516,Roads,Ganga Construction Co.,1597.0,1727.8,30,8,26.2,10.5,89.1,1,Clear,1,8.6,1,1,77
RW-1517,Railways,Ganga Construction Co.,898.7,916.7,36,24,68.9,57.9,26.8,0,Disputed,0,0.9,0,0,47
BR-1518,Bridges,Bharat Rail Consortium,560.1,597.0,48,28,58.4,49.1,14.6,1,Clear,3,2.0,0,0,48
PW-1519,Power,Ganga Construction Co.,721.3,804.3,30,26,90.1,68.3,110.8,1,Pending,1,8.5,1,1,95
RW-1520,Railways,Larsen & Toubro Infra,216.8,239.2,24,20,85.3,76.9,28.0,0,Pending,3,6.5,1,1,65
NH-1521,Roads,Dilip Buildcon Ltd.,558.0,650.7,36,8,21.3,0.0,21.6,1,Disputed,4,8.9,1,1,95
NH-1522,Roads,Apex Bullet Infra Ltd.,358.2,396.4,42,32,72.6,63.9,29.6,0,Pending,2,3.4,1,1,56
BR-1523,Bridges,Shivalik Infraprojects Ltd.,398.4,437.1,24,5,26.2,17.2,28.0,1,Clear,2,-4.4,1,0,50
RW-1524,Railways,Patel Engineering,729.2,850.8,36,20,62.4,45.5,103.7,1,Clear,4,2.2,1,1,88
NH-1525,Roads,Desert Sun Powergrid JV,746.8,750.4,30,20,61.6,59.4,22.5,1,Clear,0,0.4,0,0,24
NH-1526,Roads,Afcons Infrastructure,629.8,640.6,36,8,23.2,13.3,83.6,0,Clear,0,6.9,0,0,50
NH-1527,Roads,Dilip Buildcon Ltd.,596.6,616.5,36,11,30.6,20.6,72.0,1,Clear,0,1.2,0,0,51
BR-1528,Bridges,Tata Projects Ltd.,742.7,871.5,60,23,40.0,12.5,76.0,1,Disputed,3,4.2,1,1,95
NH-1529,Roads,Desert Sun Powergrid JV,595.5,668.3,24,21,84.5,74.0,19.2,1,Pending,2,11.9,1,1,73
NH-1530,Roads,Larsen & Toubro Infra,280.7,293.1,36,23,66.0,61.4,19.5,0,Clear,1,3.8,0,0,35
RW-1531,Railways,Dilip Buildcon Ltd.,1274.6,1490.0,30,22,71.0,54.5,30.3,0,Pending,4,-1.3,1,1,72
BR-1532,Bridges,Patel Engineering,589.4,667.8,36,21,57.3,32.6,32.0,2,Disputed,2,1.5,1,1,95
RW-1533,Railways,Bharat Rail Consortium,841.6,930.1,36,24,67.2,48.6,87.5,0,Disputed,1,-7.1,1,1,81
BR-1534,Bridges,Tata Projects Ltd.,324.7,332.4,24,16,67.2,67.2,26.4,0,Clear,0,7.0,0,0,27
NH-1535,Roads,Afcons Infrastructure,899.0,899.0,48,14,26.0,26.0,31.4,0,Clear,0,-2.5,0,0,18
NH-1536,Roads,Larsen & Toubro Infra,1284.9,1476.9,24,7,28.1,0.0,68.8,0,Disputed,3,10.9,1,1,95
NH-1537,Roads,Vindhya Powergrid Ltd.,1208.1,1297.0,60,42,71.2,50.9,25.0,1,Disputed,0,5.5,0,1,81
PW-1538,Power,Omkar Roadways Ltd.,1275.7,1341.8,18,12,60.5,53.8,16.2,1,Pending,1,9.0,0,0,53
BR-1539,Bridges,Himalayan Infra Engineering,1241.9,1277.6,30,22,70.8,58.8,92.7,1,Clear,0,4.7,0,1,54
RW-1540,Railways,Afcons Infrastructure,1221.3,1341.6,24,8,29.9,20.7,23.4,2,Clear,2,7.0,1,0,63
NH-1541,Roads,Himalayan Infra Engineering,983.5,1008.7,24,12,57.2,45.1,130.1,0,Clear,0,2.3,0,1,57
RW-1542,Railways,Eastern Rail Infra Pvt. Ltd.,296.2,364.0,42,39,89.1,51.9,138.8,1,Disputed,3,8.9,1,1,95
RW-1543,Railways,Apex Bullet Infra Ltd.,553.9,622.9,36,22,60.9,43.9,55.3,0,Pending,3,3.4,1,1,77
RW-1544,Railways,Larsen & Toubro Infra,548.3,644.3,24,10,44.2,21.6,108.2,1,Pending,4,12.9,1,1,95
PW-1545,Power,Afcons Infrastructure,1896.8,2031.7,48,36,73.6,60.3,118.0,1,Clear,2,0.0,0,1,67
NH-1546,Roads,Patel Engineering,738.9,741.6,36,31,78.8,68.7,25.1,2,Clear,0,5.5,0,1,46
NH-1547,Roads,Ganga Construction Co.,565.7,608.6,42,12,29.3,15.4,30.8,1,Clear,0,8.7,0,1,63
BR-1548,Bridges,Eastern Rail Infra Pvt. Ltd.,932.7,963.9,18,15,84.6,68.1,88.0,2,Clear,0,7.2,0,1,71
PW-1549,Power,Vindhya Powergrid Ltd.,261.2,279.7,36,15,42.5,35.7,54.9,1,Clear,2,1.8,0,0,43
NH-1550,Roads,Afcons Infrastructure,939.0,1007.1,30,9,24.1,19.0,15.0,1,Clear,2,2.8,0,0,42
BR-1551,Bridges,Patel Engineering,701.6,794.8,36,32,95.0,81.0,33.7,1,Clear,3,10.9,1,1,77
RW-1552,Railways,Himalayan Infra Engineering,886.2,971.0,24,15,58.5,46.7,21.4,1,Pending,0,7.3,1,0,64
NH-1553,Roads,Himalayan Infra Engineering,788.4,835.2,18,12,67.2,61.5,53.0,1,Clear,1,9.1,0,0,55
NH-1554,Roads,Apex Bullet Infra Ltd.,1089.3,1189.5,30,21,69.5,35.8,130.6,2,Disputed,0,9.3,1,1,95
NH-1555,Roads,Ganga Construction Co.,257.4,294.6,42,26,56.7,46.5,21.6,1,Clear,4,6.8,1,0,68
PW-1556,Power,NCC Infrastructure,763.0,880.0,42,14,34.6,24.9,15.4,0,Pending,5,-3.7,1,0,64
PW-1557,Power,Tata Projects Ltd.,662.5,662.5,30,15,52.0,39.1,126.3,0,Pending,0,-3.8,0,1,55
NH-1558,Roads,Eastern Rail Infra Pvt. Ltd.,397.3,423.7,18,13,64.7,60.2,17.7,2,Clear,1,8.3,0,0,50
RW-1559,Railways,Larsen & Toubro Infra,836.8,882.3,30,19,70.4,59.1,97.1,2,Clear,0,1.1,0,0,61
NH-1560,Roads,Bharat Rail Consortium,684.3,757.2,18,5,28.9,14.0,11.7,1,Pending,2,2.0,1,1,65
RW-1561,Railways,Eastern Rail Infra Pvt. Ltd.,706.5,739.5,24,11,39.8,33.7,29.3,0,Clear,2,4.9,0,0,41
RW-1562,Railways,Larsen & Toubro Infra,245.6,260.7,60,50,80.6,66.1,75.5,0,Disputed,1,0.9,0,1,72
BR-1563,Bridges,Afcons Infrastructure,1101.5,1139.5,30,8,28.4,21.3,56.1,1,Clear,0,3.3,0,0,34
NH-1564,Roads,Desert Sun Powergrid JV,405.7,449.9,42,39,94.1,76.3,23.3,1,Disputed,1,7.1,1,1,85
PW-1565,Power,Afcons Infrastructure,802.7,842.6,24,4,22.0,14.8,28.6,0,Clear,2,1.0,0,0,43
NH-1566,Roads,Ganga Construction Co.,437.5,442.9,36,19,52.4,39.0,28.0,0,Disputed,0,1.8,0,1,53
NH-1567,Roads,Vindhya Powergrid Ltd.,699.9,788.3,42,21,50.6,37.6,15.8,1,Pending,3,2.0,1,1,71
NH-1568,Roads,Dilip Buildcon Ltd.,720.0,769.7,24,16,70.2,64.8,13.7,1,Clear,2,5.9,0,0,48
BR-1569,Bridges,Ganga Construction Co.,521.2,544.4,36,22,59.5,45.1,21.4,0,Disputed,0,0.9,0,1,63
RW-1570,Railways,Afcons Infrastructure,429.0,435.7,42,17,42.2,38.0,33.3,0,Clear,1,-1.3,0,0,26
PW-1571,Power,Omkar Roadways Ltd.,997.0,1162.1,60,54,91.2,72.1,67.5,1,Pending,5,7.5,1,1,95
BR-1572,Bridges,Afcons Infrastructure,1237.3,1242.7,18,9,56.7,56.6,32.6,0,Clear,0,3.2,0,0,22
NH-1573,Roads,Omkar Roadways Ltd.,758.5,860.1,24,13,51.1,39.8,33.1,1,Clear,4,2.2,1,0,64
BR-1574,Bridges,Bharat Rail Consortium,441.1,490.5,18,6,33.2,26.2,48.4,0,Clear,3,-6.0,1,0,53
PW-1575,Power,Dilip Buildcon Ltd.,711.0,783.6,30,17,53.7,29.0,114.4,1,Disputed,0,8.7,1,1,95
PW-1576,Power,Shivalik Infraprojects Ltd.,908.8,950.2,42,9,24.6,6.8,45.7,0,Disputed,1,5.2,0,1,73
NH-1577,Roads,Ganga Construction Co.,744.0,752.6,42,30,74.0,66.7,20.7,0,Disputed,0,2.6,0,0,44
BR-1578,Bridges,Apex Bullet Infra Ltd.,681.9,697.9,36,29,82.3,81.5,27.9,1,Clear,0,5.3,0,0,32
RW-1579,Railways,Apex Bullet Infra Ltd.,1002.6,1055.7,36,29,78.4,61.1,32.9,1,Disputed,0,3.3,0,1,72
BR-1580,Bridges,Tata Projects Ltd.,494.6,534.1,48,21,43.5,30.2,10.5,1,Pending,0,7.6,1,1,67
NH-1581,Roads,Larsen & Toubro Infra,980.0,1140.8,24,4,13.3,0.0,26.9,2,Pending,4,6.5,1,1,83
NH-1582,Roads,Desert Sun Powergrid JV,418.9,479.8,36,32,82.8,63.8,91.5,0,Pending,3,4.0,1,1,93
BR-1583,Bridges,Tata Projects Ltd.,505.8,536.1,24,5,20.1,0.0,22.1,2,Disputed,1,4.9,0,1,84
PW-1584,Power,Afcons Infrastructure,638.4,718.7,24,4,17.1,7.2,21.8,2,Clear,3,13.9,1,0,71
NH-1585,Roads,Patel Engineering,430.2,459.4,48,19,39.9,29.1,29.1,1,Pending,1,7.5,0,0,65
BR-1586,Bridges,Patel Engineering,284.7,307.1,24,4,15.2,0.0,138.7,1,Pending,0,7.1,0,1,82
NH-1587,Roads,Patel Engineering,629.3,724.3,36,34,92.8,80.3,19.2,0,Pending,3,12.2,1,1,83
NH-1588,Roads,Bharat Rail Consortium,194.6,209.3,42,24,53.8,48.2,24.6,0,Clear,2,-1.8,0,0,41
PW-1589,Power,Ganga Construction Co.,722.8,758.5,18,8,42.2,18.1,105.7,0,Disputed,0,-2.9,0,1,83
NH-1590,Roads,Larsen & Toubro Infra,1324.0,1422.4,42,14,31.5,24.9,31.2,2,Clear,1,5.9,0,0,53
NH-1591,Roads,Dilip Buildcon Ltd.,734.5,764.0,30,17,61.6,55.8,23.9,0,Clear,1,8.5,0,0,43
PW-1592,Power,Desert Sun Powergrid JV,781.6,917.8,24,21,85.2,63.9,96.8,2,Pending,2,8.8,1,1,95
BR-1593,Bridges,Vindhya Powergrid Ltd.,492.2,571.7,24,21,87.2,65.6,32.4,2,Disputed,3,12.2,1,1,95
BR-1594,Bridges,Desert Sun Powergrid JV,176.9,184.7,24,8,39.9,29.9,19.8,2,Clear,1,12.4,0,0,63
NH-1595,Roads,Omkar Roadways Ltd.,210.1,222.0,30,25,89.5,82.4,21.0,1,Clear,1,6.9,0,0,45
NH-1596,Roads,NCC Infrastructure,594.0,653.1,24,4,22.7,2.4,21.5,1,Disputed,2,6.0,1,1,85
PW-1597,Power,Ganga Construction Co.,877.9,1017.2,36,24,66.1,46.9,31.3,1,Disputed,3,12.9,1,1,95
NH-1598,Roads,Ganga Construction Co.,1116.5,1184.9,24,4,21.9,12.2,65.3,0,Pending,0,3.8,0,0,55
RW-1599,Railways,Tata Projects Ltd.,1263.1,1349.7,18,8,44.3,39.0,28.2,1,Clear,2,-3.0,0,0,41
NH-1600,Roads,Patel Engineering,926.0,1020.1,48,10,25.2,4.7,143.9,2,Clear,1,13.2,1,1,91
BR-1601,Bridges,Ganga Construction Co.,475.2,526.9,30,5,16.6,0.0,129.0,1,Disputed,1,5.5,1,1,84
RW-1602,Railways,Himalayan Infra Engineering,777.0,931.1,36,19,52.4,22.0,140.7,2,Clear,5,7.4,1,1,95
PW-1603,Power,Bharat Rail Consortium,814.9,882.8,24,21,86.7,70.2,89.8,1,Clear,2,-0.5,1,1,68
RW-1604,Railways,Desert Sun Powergrid JV,353.5,373.5,30,10,36.9,24.4,105.9,0,Pending,0,1.9,0,1,58
PW-1605,Power,Dilip Buildcon Ltd.,454.9,484.0,60,31,50.4,46.3,22.3,1,Clear,0,7.0,0,0,45
RW-1606,Railways,Vindhya Powergrid Ltd.,361.1,399.2,36,31,88.9,88.0,25.0,1,Clear,4,3.0,1,0,46
NH-1607,Roads,Apex Bullet Infra Ltd.,766.0,783.7,42,8,20.2,5.7,18.7,0,Disputed,0,6.1,0,1,62
RW-1608,Railways,Ganga Construction Co.,338.7,338.7,18,13,81.3,81.3,22.3,0,Clear,0,2.4,0,0,23
NH-1609,Roads,NCC Infrastructure,1307.9,1308.6,60,12,18.0,13.0,19.6,0,Pending,1,-0.8,0,0,28
NH-1610,Roads,Apex Bullet Infra Ltd.,958.2,982.2,42,10,22.5,6.9,26.0,1,Disputed,0,6.1,0,1,62
RW-1611,Railways,Dilip Buildcon Ltd.,553.9,588.9,30,8,24.6,7.3,144.2,0,Clear,1,-1.9,0,1,67
NH-1612,Roads,Dilip Buildcon Ltd.,458.0,495.1,18,10,67.1,47.5,140.7,0,Clear,1,5.0,1,1,88
PW-1613,Power,Vindhya Powergrid Ltd.,1045.8,1090.1,24,12,51.1,43.2,34.0,1,Pending,0,7.8,0,0,50
RW-1614,Railways,Desert Sun Powergrid JV,797.2,817.8,30,10,35.7,35.1,23.2,1,Clear,0,0.5,0,0,24
BR-1615,Bridges,Eastern Rail Infra Pvt. Ltd.,1283.3,1388.7,18,6,33.9,20.1,126.9,0,Clear,1,3.9,1,1,70
PW-1616,Power,Shivalik Infraprojects Ltd.,941.8,1073.9,30,23,74.0,57.1,48.2,1,Pending,4,5.6,1,1,82
NH-1617,Roads,Omkar Roadways Ltd.,504.0,540.1,42,34,77.7,69.3,110.4,1,Clear,0,-0.3,0,1,56
NH-1618,Roads,Eastern Rail Infra Pvt. Ltd.,484.5,529.0,48,19,42.1,30.8,33.2,1,Pending,3,7.1,1,0,69
BR-1619,Bridges,Eastern Rail Infra Pvt. Ltd.,666.9,744.2,18,12,65.5,48.4,15.6,2,Pending,1,7.6,1,1,79
NH-1620,Roads,Patel Engineering,718.9,787.0,18,10,51.2,31.7,140.7,1,Clear,1,2.3,1,1,84
RW-1621,Railways,Himalayan Infra Engineering,1145.0,1209.5,36,28,75.1,58.5,143.0,1,Clear,0,2.9,0,1,69
RW-1622,Railways,Dilip Buildcon Ltd.,491.8,551.2,36,21,56.9,47.9,19.1,2,Clear,2,11.2,1,0,72
BR-1623,Bridges,Bharat Rail Consortium,775.7,877.7,18,16,87.6,61.4,133.7,1,Clear,4,5.8,1,1,95
BR-1624,Bridges,Bharat Rail Consortium,329.6,337.1,36,26,77.5,71.5,11.7,1,Pending,0,0.8,0,0,39
BR-1625,Bridges,NCC Infrastructure,498.3,518.2,24,9,39.7,31.9,28.3,1,Clear,1,4.9,0,0,45
RW-1626,Railways,Desert Sun Powergrid JV,666.7,718.3,36,9,25.1,9.8,79.3,1,Clear,2,2.3,0,1,65
PW-1627,Power,Shivalik Infraprojects Ltd.,404.9,423.3,24,17,69.5,53.2,117.8,1,Clear,1,-2.1,0,1,68
RW-1628,Railways,Himalayan Infra Engineering,606.4,651.1,48,26,52.1,44.3,19.8,1,Clear,2,6.7,0,0,53
NH-1629,Roads,Bharat Rail Consortium,395.3,398.9,36,24,68.4,59.9,28.8,0,Pending,0,-2.4,0,0,37
RW-1630,Railways,Larsen & Toubro Infra,540.2,599.3,48,16,33.0,21.4,45.2,2,Clear,2,8.2,1,0,70
NH-1631,Roads,Apex Bullet Infra Ltd.,1119.7,1230.5,24,4,18.6,4.3,81.2,1,Clear,3,4.3,1,1,69
NH-1632,Roads,Patel Engineering,1099.3,1113.9,36,33,94.9,91.7,26.4,0,Clear,0,8.8,0,0,30
NH-1633,Roads,Ganga Construction Co.,950.0,1002.5,36,11,36.2,19.5,22.4,0,Disputed,0,2.3,0,1,68
NH-1634,Roads,Ganga Construction Co.,1300.0,1383.8,36,17,47.6,36.2,49.0,1,Pending,1,0.9,0,0,55
RW-1635,Railways,NCC Infrastructure,720.5,792.0,36,28,76.5,67.3,23.9,1,Clear,3,7.5,1,1,60
BR-1636,Bridges,Desert Sun Powergrid JV,574.4,639.6,36,30,84.2,61.4,28.2,2,Disputed,2,4.1,1,1,95
PW-1637,Power,Apex Bullet Infra Ltd.,524.0,537.6,36,20,55.5,38.6,50.8,0,Disputed,0,0.0,0,1,64
NH-1638,Roads,Tata Projects Ltd.,605.6,661.3,36,28,75.9,55.6,108.9,1,Pending,1,2.9,1,1,85
PW-1639,Power,Desert Sun Powergrid JV,522.7,567.8,36,19,52.4,34.4,116.2,0,Pending,1,-0.7,1,1,71
BR-1640,Bridges,Apex Bullet Infra Ltd.,735.9,758.9,30,12,40.0,26.8,27.0,0,Disputed,0,-1.2,0,1,57
RW-1641,Railways,Patel Engineering,889.5,913.1,36,31,89.7,70.2,84.8,0,Disputed,0,-1.1,0,1,68
NH-1642,Roads,Shivalik Infraprojects Ltd.,613.4,640.7,36,19,56.6,44.1,27.3,1,Disputed,0,0.6,0,1,61
RW-1643,Railways,Himalayan Infra Engineering,472.5,575.4,42,32,77.0,42.9,99.4,2,Pending,4,9.8,1,1,95
NH-1644,Roads,Eastern Rail Infra Pvt. Ltd.,844.3,968.5,36,25,71.4,42.9,71.6,2,Disputed,2,7.3,1,1,95
NH-1645,Roads,Shivalik Infraprojects Ltd.,784.8,790.4,42,22,51.1,48.2,27.7,1,Clear,0,1.4,0,0,25
RW-1646,Railways,Desert Sun Powergrid JV,1481.2,1585.0,36,16,46.5,36.8,49.2,1,Clear,0,10.0,0,0,59
NH-1647,Roads,Vindhya Powergrid Ltd.,631.2,661.5,36,7,17.5,10.4,68.2,0,Clear,0,-7.2,0,0,39
NH-1648,Roads,Afcons Infrastructure,536.3,608.3,60,25,40.2,26.7,25.5,1,Clear,4,-2.8,1,1,66
RW-1649,Railways,Apex Bullet Infra Ltd.,367.2,378.8,60,37,61.6,54.0,11.5,2,Clear,0,9.1,0,0,45
RW-1650,Railways,Desert Sun Powergrid JV,1091.2,1159.9,24,4,13.5,0.0,24.2,2,Disputed,1,6.3,0,1,76
NH-1651,Roads,Desert Sun Powergrid JV,1274.5,1344.7,36,17,51.9,24.4,123.0,2,Disputed,0,0.7,0,1,93
RW-1652,Railways,Dilip Buildcon Ltd.,611.1,684.1,48,40,89.4,81.1,25.2,1,Clear,3,6.6,1,1,59
RW-1653,Railways,Eastern Rail Infra Pvt. Ltd.,1076.2,1200.2,30,17,56.2,47.5,15.2,1,Clear,3,5.9,1,0,61
BR-1654,Bridges,NCC Infrastructure,461.7,503.2,30,9,28.1,13.3,104.8,1,Clear,0,8.7,1,1,78
RW-1655,Railways,NCC Infrastructure,901.9,955.1,24,20,78.1,67.4,22.2,2,Clear,0,14.4,0,1,64
NH-1656,Roads,Dilip Buildcon Ltd.,871.1,913.7,18,15,79.7,76.2,20.8,1,Clear,1,4.3,0,0,38
BR-1657,Bridges,Patel Engineering,1025.9,1078.0,36,17,45.0,41.0,26.4,2,Pending,0,-1.3,0,0,42
NH-1658,Roads,Patel Engineering,695.6,757.8,24,18,77.1,59.0,18.8,1,Disputed,1,7.5,1,1,85
PW-1659,Power,Larsen & Toubro Infra,1141.7,1175.4,18,15,79.4,77.0,18.5,0,Pending,0,7.0,0,0,39
RW-1660,Railways,Desert Sun Powergrid JV,417.5,443.1,30,6,20.8,14.5,29.1,0,Clear,2,3.3,0,0,42
RW-1661,Railways,Afcons Infrastructure,328.2,328.2,36,7,20.9,17.7,21.5,0,Pending,0,-4.1,0,0,26
NH-1662,Roads,Shivalik Infraprojects Ltd.,808.2,915.6,30,24,78.8,63.7,76.2,0,Clear,3,5.9,1,1,75
RW-1663,Railways,Larsen & Toubro Infra,368.1,396.5,48,19,41.4,29.4,12.9,2,Clear,3,4.6,0,1,63
NH-1664,Roads,NCC Infrastructure,830.9,976.1,36,26,73.1,56.1,96.8,0,Clear,3,9.0,1,1,90
NH-1665,Roads,Eastern Rail Infra Pvt. Ltd.,908.6,1052.7,30,23,80.2,69.0,16.1,1,Clear,5,7.8,1,1,79
PW-1666,Power,Larsen & Toubro Infra,784.6,807.2,48,22,45.2,43.7,19.5,0,Pending,0,5.9,0,0,34
NH-1667,Roads,Ganga Construction Co.,885.4,964.8,42,15,32.2,15.6,117.2,0,Pending,0,6.6,1,1,79
BR-1668,Bridges,Ganga Construction Co.,1102.2,1213.5,24,19,78.2,64.6,30.6,1,Clear,2,13.1,1,1,70
RW-1669,Railways,Larsen & Toubro Infra,735.3,781.1,30,7,25.1,16.2,45.8,1,Clear,1,4.9,0,0,55
BR-1670,Bridges,Tata Projects Ltd.,971.6,1050.8,24,9,38.1,15.5,111.5,1,Pending,1,2.4,1,1,89
NH-1671,Roads,Omkar Roadways Ltd.,776.2,825.2,30,12,39.5,25.6,136.3,0,Clear,1,7.6,0,1,75
PW-1672,Power,Bharat Rail Consortium,626.9,639.1,36,12,33.7,27.3,34.7,1,Pending,0,-2.1,0,0,36
PW-1673,Power,Tata Projects Ltd.,442.3,473.7,30,27,85.2,77.4,20.4,1,Pending,1,4.4,0,0,52
RW-1674,Railways,Shivalik Infraprojects Ltd.,622.3,655.3,48,26,56.6,46.3,25.5,0,Disputed,0,-3.3,0,0,52
RW-1675,Railways,Ganga Construction Co.,872.1,964.9,24,5,23.1,12.2,28.9,0,Disputed,1,0.8,1,0,65
RW-1676,Railways,Bharat Rail Consortium,470.3,527.6,30,12,38.8,20.5,49.5,0,Disputed,1,5.6,1,1,86
BR-1677,Bridges,Ganga Construction Co.,801.8,852.8,42,20,48.9,33.3,31.7,1,Disputed,0,5.0,0,1,71
NH-1678,Roads,Eastern Rail Infra Pvt. Ltd.,494.3,529.6,48,12,29.4,14.2,105.0,0,Pending,1,1.8,0,1,74
NH-1679,Roads,Patel Engineering,628.2,655.6,30,12,44.5,25.5,128.7,1,Clear,0,-0.2,0,1,72
RW-1680,Railways,Ganga Construction Co.,797.4,833.7,30,10,33.1,15.0,77.2,1,Pending,0,7.1,0,1,80
NH-1681,Roads,Larsen & Toubro Infra,468.9,512.3,48,35,66.8,53.5,78.6,1,Pending,1,-6.2,1,1,66
NH-1682,Roads,NCC Infrastructure,905.3,1012.1,24,8,28.2,14.1,22.5,2,Pending,1,14.0,1,1,76
PW-1683,Power,Bharat Rail Consortium,943.6,956.4,36,29,83.6,83.5,47.2,0,Clear,0,-1.2,0,0,27
NH-1684,Roads,Tata Projects Ltd.,667.6,698.4,24,19,80.7,79.5,28.9,0,Clear,2,-0.5,0,0,28
PW-1685,Power,Ganga Construction Co.,715.7,782.0,30,8,23.6,0.0,144.7,2,Clear,1,4.4,1,1,90
NH-1686,Roads,Tata Projects Ltd.,1386.5,1521.4,42,32,76.2,65.6,10.5,2,Clear,3,0.6,1,1,55
BR-1687,Bridges,Ganga Construction Co.,222.5,228.6,36,24,62.7,58.5,75.7,0,Clear,0,2.4,0,0,38
NH-1688,Roads,Eastern Rail Infra Pvt. Ltd.,544.6,612.2,36,8,20.2,0.0,136.2,1,Clear,2,7.7,1,1,95
RW-1689,Railways,Bharat Rail Consortium,509.6,557.8,30,8,23.1,13.3,31.4,1,Clear,1,9.5,1,0,62
PW-1690,Power,Desert Sun Powergrid JV,421.1,453.9,42,29,70.7,51.4,106.7,1,Pending,0,1.8,0,1,75
PW-1691,Power,Dilip Buildcon Ltd.,836.0,930.2,18,4,21.7,1.9,143.8,0,Clear,0,14.3,1,1,92
NH-1692,Roads,Shivalik Infraprojects Ltd.,504.1,530.9,42,16,44.0,38.5,33.4,0,Clear,1,4.8,0,0,42
NH-1693,Roads,Eastern Rail Infra Pvt. Ltd.,1116.6,1157.6,18,12,65.5,65.0,20.7,1,Clear,1,7.3,0,0,39
BR-1694,Bridges,Himalayan Infra Engineering,958.8,1031.3,18,14,82.0,63.8,127.9,0,Clear,0,8.4,0,1,79
NH-1695,Roads,Vindhya Powergrid Ltd.,528.7,605.4,36,6,14.2,0.0,13.0,2,Disputed,4,17.0,1,1,95
BR-1696,Bridges,Omkar Roadways Ltd.,275.2,314.1,18,16,86.6,67.7,57.8,0,Disputed,2,9.6,1,1,95
BR-1697,Bridges,Ganga Construction Co.,661.3,681.1,36,31,83.1,78.3,58.7,0,Clear,1,5.7,0,0,44
NH-1698,Roads,Patel Engineering,981.2,981.2,18,9,51.1,49.3,27.2,1,Clear,0,-0.4,0,0,26
NH-1699,Roads,Patel Engineering,650.0,660.9,24,18,76.4,76.4,14.3,0,Clear,0,4.1,0,0,24
NH-1700,Roads,Bharat Rail Consortium,724.8,797.5,60,50,84.6,73.8,14.9,1,Pending,3,3.8,1,1,65
NH-1701,Roads,NCC Infrastructure,1128.7,1190.1,30,5,16.1,0.0,129.8,1,Clear,0,-3.6,0,1,67
RW-1702,Railways,Omkar Roadways Ltd.,606.3,706.4,30,20,69.6,55.2,16.1,1,Pending,4,9.7,1,1,87
PW-1703,Power,Dilip Buildcon Ltd.,565.9,635.3,24,8,33.3,19.4,32.7,2,Clear,2,12.6,1,1,75
RW-1704,Railways,Tata Projects Ltd.,334.8,369.4,36,15,48.4,24.6,102.1,2,Pending,0,8.8,1,1,95
NH-1705,Roads,Himalayan Infra Engineering,1467.7,1642.2,30,28,92.6,81.7,61.8,0,Clear,2,5.6,1,1,65
BR-1706,Bridges,Bharat Rail Consortium,735.2,775.0,24,6,24.1,18.2,10.8,1,Clear,1,6.1,0,0,43
NH-1707,Roads,Omkar Roadways Ltd.,1094.7,1169.0,36,6,16.2,3.7,106.0,1,Clear,0,4.1,0,1,69
RW-1708,Railways,Patel Engineering,987.7,1070.6,30,22,78.3,61.2,81.3,0,Disputed,0,-1.7,1,1,74
NH-1709,Roads,Patel Engineering,542.6,581.9,24,17,67.6,55.8,30.5,2,Clear,1,10.6,0,0,68
BR-1710,Bridges,Patel Engineering,588.9,608.4,24,15,58.6,50.8,15.2,1,Pending,0,7.0,0,0,50
NH-1711,Roads,Apex Bullet Infra Ltd.,884.2,891.4,24,13,53.2,53.2,48.0,0,Clear,0,-0.2,0,0,18
BR-1712,Bridges,Omkar Roadways Ltd.,794.7,859.0,42,26,55.6,43.0,33.7,0,Disputed,1,-5.7,1,1,59
RW-1713,Railways,Himalayan Infra Engineering,669.8,708.3,30,7,23.7,14.9,32.3,1,Clear,0,9.5,0,0,58
BR-1714,Bridges,Eastern Rail Infra Pvt. Ltd.,549.0,669.6,60,50,80.9,47.0,134.0,1,Disputed,5,-0.9,1,1,95
NH-1715,Roads,Bharat Rail Consortium,485.8,500.6,36,8,29.2,23.6,11.9,0,Clear,1,1.7,0,0,32
BR-1716,Bridges,Patel Engineering,409.1,438.8,30,6,18.4,8.9,25.1,1,Pending,2,6.3,0,0,60
RW-1717,Railways,Afcons Infrastructure,728.9,799.9,42,24,58.0,41.5,107.6,0,Pending,1,8.5,1,1,83
NH-1718,Roads,Larsen & Toubro Infra,883.0,1011.1,36,10,26.8,4.0,145.9,0,Clear,3,4.0,1,1,95
NH-1719,Roads,Afcons Infrastructure,601.9,629.0,42,32,72.0,69.3,12.0,0,Clear,1,1.9,0,0,30
BR-1720,Bridges,Tata Projects Ltd.,924.3,1005.1,30,12,39.4,20.6,21.7,2,Disputed,0,16.1,1,1,86
NH-1721,Roads,Eastern Rail Infra Pvt. Ltd.,699.4,789.0,24,15,63.3,55.6,29.8,1,Clear,4,7.0,1,0,65
NH-1722,Roads,NCC Infrastructure,1439.1,1651.8,60,26,40.6,15.7,144.3,2,Clear,2,7.4,1,1,95
BR-1723,Bridges,Tata Projects Ltd.,923.7,955.3,30,23,78.9,72.2,25.8,0,Pending,0,-0.1,0,0,35
NH-1724,Roads,Apex Bullet Infra Ltd.,749.2,797.1,48,41,86.3,69.7,117.8,1,Clear,2,3.9,0,1,80
NH-1725,Roads,Larsen & Toubro Infra,921.2,1029.2,36,32,90.1,70.7,136.5,2,Clear,1,8.6,1,1,91
BR-1726,Bridges,Larsen & Toubro Infra,853.2,870.0,24,15,55.5,51.7,57.6,0,Pending,0,-4.8,0,0,36
RW-1727,Railways,Apex Bullet Infra Ltd.,703.7,734.0,30,21,70.4,54.2,93.2,1,Clear,1,5.7,0,1,68
NH-1728,Roads,Dilip Buildcon Ltd.,545.9,624.4,24,15,63.1,52.9,24.4,2,Clear,1,14.5,1,0,72
RW-1729,Railways,Himalayan Infra Engineering,595.2,620.4,30,11,36.5,27.3,29.1,2,Pending,0,4.5,0,0,50
RW-1730,Railways,Omkar Roadways Ltd.,542.7,571.0,36,21,56.9,53.8,20.8,0,Pending,2,-4.9,0,0,36
NH-1731,Roads,Patel Engineering,538.8,632.1,42,33,78.9,65.5,18.4,0,Clear,5,4.5,1,1,75
RW-1732,Railways,Eastern Rail Infra Pvt. Ltd.,1135.5,1142.9,48,16,29.3,29.3,16.3,0,Clear,0,-2.2,0,0,19
PW-1733,Power,Apex Bullet Infra Ltd.,869.3,871.6,18,11,65.3,61.5,10.0,1,Clear,0,3.0,0,0,28
BR-1734,Bridges,Ganga Construction Co.,1188.3,1289.9,48,33,68.6,60.1,110.7,0,Clear,2,0.7,1,0,52
NH-1735,Roads,Shivalik Infraprojects Ltd.,949.2,1080.9,36,31,92.5,81.5,29.5,0,Pending,4,7.9,1,1,74
BR-1736,Bridges,Patel Engineering,934.6,993.5,30,17,61.3,56.3,19.2,0,Pending,0,6.8,0,0,48
BR-1737,Bridges,Apex Bullet Infra Ltd.,945.9,945.9,30,15,50.1,45.0,10.8,1,Clear,1,-2.7,0,0,24
NH-1738,Roads,Bharat Rail Consortium,940.7,1015.0,48,37,70.2,62.0,14.4,0,Pending,2,2.1,0,1,53
PW-1739,Power,Desert Sun Powergrid JV,954.9,1051.1,24,10,41.1,27.5,19.0,2,Pending,2,5.8,1,1,70
RW-1740,Railways,Patel Engineering,836.4,861.5,36,22,59.5,53.0,73.6,0,Clear,0,-0.6,0,0,36
BR-1741,Bridges,Desert Sun Powergrid JV,556.7,593.2,24,8,31.1,16.0,45.8,1,Pending,0,12.4,0,1,79
NH-1742,Roads,Apex Bullet Infra Ltd.,688.5,752.0,24,15,63.6,51.4,19.5,2,Pending,2,5.8,1,1,66
PW-1743,Power,Dilip Buildcon Ltd.,1026.3,1173.2,24,17,69.7,52.9,24.8,1,Pending,3,8.4,1,1,84
PW-1744,Power,Afcons Infrastructure,567.7,591.7,18,6,32.1,18.5,123.0,1,Clear,1,-2.6,0,1,67
NH-1745,Roads,Dilip Buildcon Ltd.,1045.4,1185.2,36,8,24.8,0.0,140.2,1,Disputed,3,6.2,1,1,95
NH-1746,Roads,Eastern Rail Infra Pvt. Ltd.,564.1,606.2,24,15,59.9,39.7,123.5,1,Pending,1,3.4,0,1,86
NH-1747,Roads,NCC Infrastructure,877.8,889.7,36,28,79.8,59.5,115.3,1,Pending,0,0.8,0,1,75
NH-1748,Roads,Afcons Infrastructure,934.2,1026.8,30,22,72.9,55.0,63.7,1,Pending,1,4.5,1,1,78
NH-1749,Roads,Shivalik Infraprojects Ltd.,704.6,743.2,36,18,48.8,32.9,99.7,2,Clear,1,1.7,0,1,71
NH-1750,Roads,Shivalik Infraprojects Ltd.,1495.2,1534.8,36,7,13.3,0.0,131.6,0,Clear,1,-5.1,0,1,59
NH-1751,Roads,Ganga Construction Co.,710.1,754.4,30,19,64.5,46.5,17.3,2,Disputed,0,9.7,0,1,84
PW-1752,Power,Afcons Infrastructure,416.8,425.8,36,32,83.0,70.8,14.8,0,Disputed,1,-3.3,0,1,52
PW-1753,Power,Ganga Construction Co.,2107.0,2210.4,42,29,64.0,61.1,18.7,0,Pending,0,3.5,0,0,35
BR-1754,Bridges,NCC Infrastructure,1217.8,1334.5,30,6,23.9,7.7,90.7,1,Pending,1,7.9,1,1,86
BR-1755,Bridges,Tata Projects Ltd.,671.5,689.3,42,11,25.4,21.8,24.0,1,Pending,1,-2.9,0,0,38
NH-1756,Roads,Ganga Construction Co.,619.4,707.7,42,35,85.8,69.4,24.4,2,Pending,3,10.2,1,1,92
NH-1757,Roads,Afcons Infrastructure,972.1,1020.5,36,26,72.1,65.0,71.1,1,Clear,0,3.3,0,0,48
RW-1758,Railways,Desert Sun Powergrid JV,1219.7,1247.8,36,7,15.7,9.5,17.1,0,Pending,0,-1.7,0,0,29
NH-1759,Roads,Apex Bullet Infra Ltd.,861.9,912.6,24,10,36.2,26.6,13.0,0,Pending,1,-8.8,0,0,43
NH-1760,Roads,Eastern Rail Infra Pvt. Ltd.,1413.3,1598.4,24,13,53.7,27.7,130.6,0,Disputed,2,4.4,1,1,95
NH-1761,Roads,Vindhya Powergrid Ltd.,998.8,1183.9,30,23,76.5,57.7,30.8,0,Disputed,4,2.0,1,1,95
RW-1762,Railways,Shivalik Infraprojects Ltd.,808.8,910.5,36,11,25.6,1.3,112.1,2,Pending,1,8.3,1,1,95
NH-1763,Roads,Desert Sun Powergrid JV,901.1,1008.5,36,13,34.8,31.7,17.5,0,Clear,2,8.2,1,0,45
BR-1764,Bridges,Omkar Roadways Ltd.,1563.6,1677.4,36,34,90.6,74.2,33.2,1,Disputed,1,5.4,0,1,79
RW-1765,Railways,NCC Infrastructure,886.6,906.3,24,18,74.5,70.7,19.5,1,Clear,1,3.7,0,0,36
NH-1766,Roads,Bharat Rail Consortium,700.3,703.9,24,4,11.5,8.9,34.2,1,Clear,0,0.3,0,0,25
BR-1767,Bridges,Shivalik Infraprojects Ltd.,1221.5,1316.6,30,18,59.4,39.2,46.9,2,Disputed,0,7.4,0,1,86
RW-1768,Railways,Shivalik Infraprojects Ltd.,895.6,898.1,24,16,61.4,60.2,11.7,1,Clear,0,6.1,0,0,30
RW-1769,Railways,Bharat Rail Consortium,597.5,632.8,36,25,69.4,62.7,30.2,0,Pending,1,3.6,0,0,51
BR-1770,Bridges,Bharat Rail Consortium,1355.1,1394.1,24,4,20.9,20.9,18.8,0,Clear,0,2.5,0,0,29
NH-1771,Roads,Ganga Construction Co.,775.8,854.7,18,11,66.2,56.6,26.5,2,Pending,2,4.4,1,0,70
PW-1772,Power,Patel Engineering,700.0,795.4,42,14,33.6,2.3,145.3,2,Disputed,0,8.5,1,1,95
PW-1773,Power,Tata Projects Ltd.,883.3,919.1,36,8,21.0,14.9,22.5,0,Pending,0,5.2,0,0,44
NH-1774,Roads,Tata Projects Ltd.,298.7,315.5,42,18,42.7,29.2,34.5,1,Disputed,1,2.8,0,1,69
NH-1775,Roads,Dilip Buildcon Ltd.,443.8,502.4,24,12,50.6,31.5,73.6,1,Pending,4,3.8,1,1,86
NH-1776,Roads,Eastern Rail Infra Pvt. Ltd.,458.3,458.3,30,22,71.8,71.8,18.5,0,Clear,0,0.8,0,0,20
RW-1777,Railways,Omkar Roadways Ltd.,458.3,504.0,24,14,55.9,32.1,90.4,1,Disputed,0,10.0,1,1,95
NH-1778,Roads,Patel Engineering,862.0,898.8,36,12,35.4,30.6,33.9,2,Clear,0,8.9,0,0,45
NH-1779,Roads,Bharat Rail Consortium,965.6,1026.5,42,17,40.8,26.9,26.2,1,Disputed,0,9.0,0,1,70
NH-1780,Roads,Ganga Construction Co.,603.5,629.0,36,20,49.4,31.0,14.9,1,Disputed,1,-0.1,0,1,74
RW-1781,Railways,Afcons Infrastructure,355.8,392.0,42,22,53.0,36.7,113.4,0,Clear,3,1.0,1,1,71
NH-1782,Roads,Omkar Roadways Ltd.,963.6,1029.3,36,11,36.3,28.1,22.5,2,Clear,3,3.3,0,0,50
NH-1783,Roads,Shivalik Infraprojects Ltd.,818.4,926.4,18,12,67.5,55.9,23.4,1,Pending,3,8.1,1,0,74
PW-1784,Power,Larsen & Toubro Infra,579.8,579.8,30,19,68.5,68.1,25.7,0,Clear,0,3.7,0,0,28
NH-1785,Roads,Bharat Rail Consortium,346.1,372.9,36,19,49.8,33.0,27.4,1,Disputed,0,5.6,0,1,78
NH-1786,Roads,Ganga Construction Co.,498.7,564.3,48,36,75.1,52.2,68.1,2,Pending,3,5.4,1,1,95
NH-1787,Roads,Dilip Buildcon Ltd.,724.8,745.8,30,9,31.2,25.5,22.3,0,Pending,0,-1.9,0,0,37
RW-1788,Railways,NCC Infrastructure,595.5,643.4,36,31,87.8,80.5,20.5,2,Clear,0,13.8,1,0,64
BR-1789,Bridges,Shivalik Infraprojects Ltd.,620.2,657.7,36,13,30.5,26.3,21.8,0,Clear,2,6.8,0,0,43
RW-1790,Railways,Desert Sun Powergrid JV,523.5,553.7,30,27,87.8,71.8,26.5,1,Disputed,0,11.1,0,1,80
BR-1791,Bridges,Himalayan Infra Engineering,749.5,776.4,30,19,64.7,51.0,33.6,1,Pending,0,-2.3,0,1,52
NH-1792,Roads,NCC Infrastructure,774.7,788.0,24,20,86.2,79.0,17.9,2,Clear,0,9.4,0,0,43
NH-1793,Roads,Bharat Rail Consortium,1135.3,1212.3,48,16,32.3,11.9,106.2,1,Disputed,0,7.3,0,1,88
RW-1794,Railways,Eastern Rail Infra Pvt. Ltd.,817.4,889.8,18,8,43.6,34.3,28.4,0,Pending,3,8.9,1,0,65
RW-1795,Railways,Desert Sun Powergrid JV,525.4,536.7,60,41,71.9,69.8,13.3,0,Pending,0,-1.5,0,0,27
PW-1796,Power,Omkar Roadways Ltd.,826.6,852.9,30,6,17.6,0.0,104.9,0,Disputed,0,4.3,0,1,77
NH-1797,Roads,Himalayan Infra Engineering,1091.4,1116.8,24,13,54.6,48.6,56.5,1,Clear,0,-3.5,0,0,39
BR-1798,Bridges,Vindhya Powergrid Ltd.,1106.3,1237.1,48,23,53.2,29.4,10.5,2,Disputed,1,15.6,1,1,95
RW-1799,Railways,Apex Bullet Infra Ltd.,1743.2,1980.2,36,23,62.9,37.0,112.5,1,Pending,1,14.3,1,1,95
NH-1800,Roads,Eastern Rail Infra Pvt. Ltd.,942.8,990.2,30,26,80.8,62.0,17.1,2,Disputed,0,-1.2,0,1,74
NH-1801,Roads,Himalayan Infra Engineering,638.3,696.2,30,11,38.2,29.4,10.0,1,Pending,3,-4.3,1,0,56
BR-1802,Bridges,NCC Infrastructure,688.5,710.3,24,22,91.3,72.0,122.9,1,Pending,0,-2.1,0,1,72
RW-1803,Railways,Apex Bullet Infra Ltd.,444.2,450.0,24,21,85.3,73.0,55.7,0,Disputed,0,2.2,0,1,56
RW-1804,Railways,Patel Engineering,541.9,591.8,60,47,74.7,50.2,64.5,2,Disputed,0,6.3,1,1,94
RW-1805,Railways,Eastern Rail Infra Pvt. Ltd.,1179.2,1188.9,18,7,39.9,34.7,15.9,0,Pending,0,-0.1,0,0,30
BR-1806,Bridges,Omkar Roadways Ltd.,616.7,665.6,48,26,51.1,41.6,27.7,1,Pending,3,1.2,0,0,54
NH-1807,Roads,Shivalik Infraprojects Ltd.,961.5,985.0,18,8,46.4,38.0,16.6,0,Pending,0,5.9,0,0,42
RW-1808,Railways,Tata Projects Ltd.,816.7,855.7,24,18,71.8,52.9,107.5,2,Clear,0,0.5,0,1,72
BR-1809,Bridges,Dilip Buildcon Ltd.,792.9,872.2,30,9,28.1,21.0,16.4,0,Pending,2,1.7,1,0,47
NH-1810,Roads,Desert Sun Powergrid JV,629.5,643.5,18,14,79.3,76.0,24.0,1,Clear,0,6.2,0,0,34
RW-1811,Railways,Ganga Construction Co.,599.3,637.2,24,6,31.7,24.7,34.6,0,Clear,3,-9.2,0,0,39
NH-1812,Roads,Vindhya Powergrid Ltd.,497.4,524.0,18,16,83.8,74.0,18.1,1,Pending,2,-2.0,0,1,47
BR-1813,Bridges,Afcons Infrastructure,1689.3,1820.6,24,21,87.1,75.7,46.4,0,Pending,2,-0.2,0,1,58
RW-1814,Railways,Eastern Rail Infra Pvt. Ltd.,378.1,415.8,24,5,20.4,7.8,28.0,1,Pending,1,13.8,1,1,74
BR-1815,Bridges,Apex Bullet Infra Ltd.,1079.1,1107.5,36,29,80.0,63.7,142.2,1,Clear,0,2.3,0,1,68
NH-1816,Roads,Ganga Construction Co.,728.1,829.2,36,14,39.5,22.2,80.4,1,Clear,4,1.8,1,1,83
RW-1817,Railways,Tata Projects Ltd.,1152.5,1250.6,60,45,67.8,44.8,127.6,2,Pending,0,15.6,1,1,95
BR-1818,Bridges,Omkar Roadways Ltd.,741.6,791.1,24,16,68.4,42.6,116.9,0,Disputed,0,5.8,0,1,95
RW-1819,Railways,Apex Bullet Infra Ltd.,482.5,490.9,30,5,12.8,12.8,13.0,0,Clear,1,-0.3,0,0,23
PW-1820,Power,Bharat Rail Consortium,527.6,605.9,36,13,33.7,24.8,15.0,0,Clear,4,5.9,1,0,67
NH-1821,Roads,NCC Infrastructure,824.7,839.3,30,10,31.3,29.7,18.7,1,Clear,0,4.2,0,0,29
NH-1822,Roads,Larsen & Toubro Infra,508.7,531.9,36,9,28.7,26.0,13.8,1,Clear,0,2.3,0,0,30
BR-1823,Bridges,NCC Infrastructure,735.1,791.8,36,10,25.7,11.5,60.4,2,Clear,1,6.6,0,1,66
NH-1824,Roads,Vindhya Powergrid Ltd.,962.8,1026.2,18,14,78.2,69.1,18.0,1,Pending,1,0.5,0,1,47
BR-1825,Bridges,Apex Bullet Infra Ltd.,730.6,900.9,30,15,47.5,19.7,117.9,1,Pending,5,8.0,1,1,95
NH-1826,Roads,Bharat Rail Consortium,523.6,533.4,24,19,83.3,81.4,30.7,1,Clear,1,0.7,0,0,28
PW-1827,Power,Tata Projects Ltd.,1080.4,1114.4,60,21,27.0,20.9,15.4,1,Pending,1,0.6,0,0,41
NH-1828,Roads,Patel Engineering,775.5,839.1,30,21,70.2,61.4,21.7,1,Pending,2,1.7,1,0,52
PW-1829,Power,Vindhya Powergrid Ltd.,797.8,869.2,42,34,80.6,60.2,114.9,1,Pending,0,8.0,1,1,90
NH-1830,Roads,Ganga Construction Co.,583.3,641.7,18,12,65.7,43.6,142.9,2,Clear,1,7.3,1,1,92
PW-1831,Power,Patel Engineering,1409.6,1510.1,24,21,88.6,79.9,46.9,0,Pending,1,-0.3,0,1,53
NH-1832,Roads,Apex Bullet Infra Ltd.,411.6,486.9,42,34,87.4,54.1,112.5,1,Disputed,4,3.7,1,1,95
BR-1833,Bridges,Larsen & Toubro Infra,1176.0,1244.8,36,31,84.0,69.7,27.2,1,Pending,0,13.4,0,1,66
RW-1834,Railways,Bharat Rail Consortium,690.3,759.3,24,19,80.0,57.4,134.4,1,Pending,0,10.8,1,1,95
NH-1835,Roads,Apex Bullet Infra Ltd.,750.6,812.0,24,7,31.1,18.0,82.7,1,Clear,0,7.9,1,1,71
BR-1836,Bridges,NCC Infrastructure,1315.4,1438.3,48,32,65.8,45.3,115.1,1,Pending,0,6.7,1,1,87
NH-1837,Roads,Eastern Rail Infra Pvt. Ltd.,425.6,442.9,24,14,56.3,48.8,126.3,0,Clear,0,-6.0,0,0,48
RW-1838,Railways,Dilip Buildcon Ltd.,537.4,550.9,30,20,65.1,54.5,29.4,1,Clear,0,10.3,0,0,48
NH-1839,Roads,NCC Infrastructure,1650.9,1888.6,30,26,87.5,65.6,127.5,1,Clear,1,9.5,1,1,95
BR-1840,Bridges,Apex Bullet Infra Ltd.,475.1,544.7,24,10,42.1,26.9,20.7,2,Clear,3,10.8,1,1,83
RW-1841,Railways,Desert Sun Powergrid JV,918.2,980.6,18,5,28.4,16.5,80.2,0,Pending,1,-4.1,0,0,63
NH-1842,Roads,Bharat Rail Consortium,839.4,948.8,36,16,45.3,30.9,10.2,2,Clear,1,23.2,1,1,81
NH-1843,Roads,Dilip Buildcon Ltd.,531.1,554.8,24,5,18.8,6.9,87.8,1,Clear,1,2.0,0,0,57
RW-1844,Railways,Afcons Infrastructure,1626.8,1984.5,30,23,77.9,64.5,49.2,1,Clear,5,11.0,1,1,88
NH-1845,Roads,Tata Projects Ltd.,626.0,703.7,30,11,38.3,15.1,131.6,2,Clear,0,18.2,1,1,95
BR-1846,Bridges,Shivalik Infraprojects Ltd.,657.4,680.4,42,39,92.0,74.7,70.6,0,Disputed,0,4.7,0,1,74
PW-1847,Power,Afcons Infrastructure,739.9,805.8,36,8,19.3,0.0,59.6,1,Disputed,1,2.7,1,1,86
NH-1848,Roads,Ganga Construction Co.,1024.4,1087.8,24,5,19.6,7.0,86.0,1,Clear,0,12.3,0,1,70
BR-1849,Bridges,Patel Engineering,616.2,651.2,30,25,84.8,64.6,13.8,2,Disputed,0,3.8,0,1,74
BR-1850,Bridges,Shivalik Infraprojects Ltd.,333.5,341.4,30,17,53.3,42.1,51.3,1,Pending,0,-1.2,0,0,50
NH-1851,Roads,Patel Engineering,653.1,757.2,30,17,51.7,29.0,124.2,0,Pending,4,2.3,1,1,95
BR-1852,Bridges,Patel Engineering,1675.2,1909.8,36,7,21.3,8.3,30.7,1,Clear,5,6.2,1,1,74
PW-1853,Power,Shivalik Infraprojects Ltd.,451.3,468.7,24,7,32.3,30.9,13.3,0,Clear,0,6.9,0,0,32
PW-1854,Power,Himalayan Infra Engineering,1227.6,1281.7,60,28,46.6,39.9,61.4,0,Clear,0,4.5,0,0,46
BR-1855,Bridges,Vindhya Powergrid Ltd.,641.0,709.9,42,14,32.6,24.2,10.5,2,Clear,3,11.6,1,0,70
BR-1856,Bridges,Tata Projects Ltd.,279.7,307.3,36,9,25.2,9.6,126.8,0,Pending,1,-0.6,1,1,73
RW-1857,Railways,Vindhya Powergrid Ltd.,1054.4,1129.3,36,20,53.5,33.9,88.5,0,Disputed,0,5.3,0,1,84
BR-1858,Bridges,Desert Sun Powergrid JV,869.2,920.6,36,9,27.5,18.2,13.6,1,Pending,0,9.8,0,0,57
NH-1859,Roads,Apex Bullet Infra Ltd.,922.7,952.9,48,27,54.9,50.3,27.9,0,Pending,0,7.5,0,0,43
RW-1860,Railways,Afcons Infrastructure,1145.7,1232.3,36,13,35.5,26.0,13.1,2,Clear,1,-0.2,0,0,46
NH-1861,Roads,Shivalik Infraprojects Ltd.,325.2,368.4,30,6,18.6,11.5,17.7,1,Clear,4,10.1,1,0,65
NH-1862,Roads,Ganga Construction Co.,1078.3,1122.8,24,14,54.6,43.5,12.7,2,Pending,0,12.5,0,0,65
NH-1863,Roads,Tata Projects Ltd.,792.5,942.3,30,7,26.8,18.3,21.4,1,Clear,5,1.7,1,0,72
BR-1864,Bridges,Dilip Buildcon Ltd.,796.6,967.8,30,11,36.2,17.5,49.0,1,Clear,5,18.4,1,1,95
NH-1865,Roads,Ganga Construction Co.,693.8,795.1,42,31,77.4,54.1,10.4,1,Disputed,3,-1.6,1,1,95
BR-1866,Bridges,Patel Engineering,301.3,315.5,36,17,48.3,36.2,23.5,0,Disputed,0,1.4,0,1,53
RW-1867,Railways,Desert Sun Powergrid JV,753.1,759.0,42,29,66.5,49.0,71.8,1,Pending,0,-1.0,0,1,57
NH-1868,Roads,Desert Sun Powergrid JV,1253.2,1300.0,42,34,80.9,63.9,22.1,1,Disputed,0,4.6,0,1,71
BR-1869,Bridges,Shivalik Infraprojects Ltd.,295.1,316.4,24,10,37.4,27.5,19.0,0,Pending,2,-0.6,0,0,50
NH-1870,Roads,Himalayan Infra Engineering,1102.9,1143.5,48,26,58.3,41.8,67.0,1,Disputed,0,-2.1,0,1,68
NH-1871,Roads,Tata Projects Ltd.,487.0,551.0,18,10,60.5,49.2,12.9,2,Clear,3,7.0,1,0,75
NH-1872,Roads,Ganga Construction Co.,449.6,478.7,48,24,57.3,44.6,33.7,2,Pending,1,2.5,0,1,61
NH-1873,Roads,Apex Bullet Infra Ltd.,436.7,505.4,18,7,36.7,27.1,16.9,1,Clear,4,6.9,1,0,69
NH-1874,Roads,Larsen & Toubro Infra,1270.7,1417.8,36,32,85.2,68.1,101.2,1,Clear,4,0.2,1,1,79
BR-1875,Bridges,Patel Engineering,967.3,1099.9,48,39,81.1,64.6,82.4,0,Clear,4,12.4,1,1,86
NH-1876,Roads,Shivalik Infraprojects Ltd.,534.6,587.5,36,31,89.5,68.3,108.9,1,Pending,2,11.0,1,1,94
BR-1877,Bridges,Ganga Construction Co.,886.2,949.1,36,15,41.8,29.6,112.0,2,Clear,0,5.6,0,1,78
BR-1878,Bridges,NCC Infrastructure,1308.8,1420.1,36,30,82.7,69.0,105.9,0,Clear,2,-2.8,1,1,63
NH-1879,Roads,Desert Sun Powergrid JV,626.9,699.0,30,22,75.5,57.9,16.4,1,Disputed,2,4.3,1,1,87
PW-1880,Power,Patel Engineering,1003.1,1091.9,42,10,21.4,6.2,76.9,1,Pending,0,7.1,1,1,77
NH-1881,Roads,Vindhya Powergrid Ltd.,928.4,975.1,30,20,65.1,48.6,92.7,1,Pending,0,1.7,0,1,67
PW-1882,Power,Tata Projects Ltd.,623.1,627.9,18,6,34.1,31.9,27.3,0,Pending,0,4.5,0,0,31
NH-1883,Roads,Omkar Roadways Ltd.,1410.2,1456.7,30,7,21.5,15.8,12.5,2,Clear,1,2.7,0,0,46
BR-1884,Bridges,Apex Bullet Infra Ltd.,856.6,881.0,36,9,24.0,20.6,24.0,1,Clear,1,-2.6,0,0,32
PW-1885,Power,Bharat Rail Consortium,764.0,802.3,18,10,54.2,41.7,65.1,0,Pending,1,0.2,0,1,55
NH-1886,Roads,Himalayan Infra Engineering,1013.1,1180.9,60,43,70.2,53.5,27.5,2,Pending,2,11.5,1,1,93
NH-1887,Roads,Larsen & Toubro Infra,883.0,942.5,30,22,73.5,63.4,13.1,1,Pending,0,3.7,0,0,53
RW-1888,Railways,Bharat Rail Consortium,462.2,465.2,36,8,24.9,13.4,14.4,1,Pending,0,1.4,0,0,44
BR-1889,Bridges,NCC Infrastructure,815.5,855.4,42,33,73.6,58.7,104.1,1,Pending,0,-1.3,0,1,63
PW-1890,Power,Afcons Infrastructure,745.1,768.7,18,10,59.8,59.8,31.5,0,Clear,1,0.2,0,0,20
PW-1891,Power,Afcons Infrastructure,659.3,677.4,48,35,74.8,59.0,11.6,2,Disputed,0,6.0,0,1,73
RW-1892,Railways,Patel Engineering,894.8,894.8,36,29,80.0,75.9,21.7,1,Clear,0,-1.1,0,0,29
RW-1893,Railways,Omkar Roadways Ltd.,919.0,959.0,30,9,33.0,28.2,25.4,1,Clear,1,6.0,0,0,35
PW-1894,Power,Vindhya Powergrid Ltd.,1112.0,1164.7,36,15,39.7,20.7,139.5,0,Pending,0,1.9,0,1,72
RW-1895,Railways,Ganga Construction Co.,283.9,295.7,30,13,43.8,43.8,14.8,1,Clear,0,-1.0,0,0,25
NH-1896,Roads,Shivalik Infraprojects Ltd.,646.0,711.8,36,10,29.5,2.7,96.3,0,Disputed,1,3.1,1,1,93
NH-1897,Roads,Vindhya Powergrid Ltd.,669.0,729.1,24,23,93.9,82.2,14.2,2,Pending,1,9.0,1,1,68
PW-1898,Power,Dilip Buildcon Ltd.,978.6,1030.7,30,26,86.5,72.2,13.4,0,Disputed,0,1.3,0,1,57
RW-1899,Railways,NCC Infrastructure,872.1,991.5,30,27,92.2,72.4,27.3,1,Disputed,2,8.9,1,1,95
NH-1900,Roads,Ganga Construction Co.,851.3,923.3,24,14,66.0,57.7,15.8,1,Pending,1,3.4,1,0,54
RW-1901,Railways,Desert Sun Powergrid JV,1035.0,1145.7,30,12,37.1,17.1,103.5,2,Clear,2,5.2,1,1,83
NH-1902,Roads,Tata Projects Ltd.,909.8,971.0,18,12,68.2,56.2,11.9,1,Disputed,1,-2.2,0,1,63
PW-1903,Power,Patel Engineering,696.0,698.0,36,19,51.8,50.8,21.7,0,Clear,0,-4.8,0,0,19
NH-1904,Roads,NCC Infrastructure,530.9,607.3,48,34,69.5,47.5,84.6,2,Pending,2,7.6,1,1,95
RW-1905,Railways,Ganga Construction Co.,913.8,1019.6,36,8,25.6,10.0,102.4,2,Clear,1,10.3,1,1,90
RW-1906,Railways,Omkar Roadways Ltd.,877.4,932.5,36,26,65.4,59.5,28.8,1,Pending,0,9.1,0,0,53
NH-1907,Roads,Dilip Buildcon Ltd.,918.2,965.3,42,32,75.8,70.7,22.0,0,Clear,2,3.4,0,0,38
NH-1908,Roads,Omkar Roadways Ltd.,552.1,564.8,42,30,74.3,66.0,32.6,1,Clear,0,4.0,0,0,39
NH-1909,Roads,Ganga Construction Co.,885.6,939.4,30,12,45.3,32.1,28.6,1,Pending,1,4.8,0,1,60
NH-1910,Roads,Larsen & Toubro Infra,668.6,757.4,36,28,83.5,74.5,17.6,1,Clear,4,0.6,1,1,61
NH-1911,Roads,Vindhya Powergrid Ltd.,653.7,706.0,36,19,52.9,28.5,128.4,1,Disputed,0,6.1,1,1,92
NH-1912,Roads,Vindhya Powergrid Ltd.,537.8,588.5,18,12,64.7,56.0,13.2,0,Pending,2,8.3,1,0,59
RW-1913,Railways,Tata Projects Ltd.,1164.0,1206.2,36,27,77.3,75.0,18.8,2,Clear,1,-0.6,0,0,34
RW-1914,Railways,Ganga Construction Co.,1514.1,1514.1,36,20,54.3,47.9,32.0,0,Pending,0,0.1,0,0,33
BR-1915,Bridges,Eastern Rail Infra Pvt. Ltd.,394.2,415.7,24,22,91.6,85.7,13.6,0,Clear,2,4.1,0,0,39
PW-1916,Power,Apex Bullet Infra Ltd.,370.4,396.4,30,12,43.1,34.2,31.8,1,Clear,1,8.2,0,0,51
RW-1917,Railways,Omkar Roadways Ltd.,337.4,365.3,42,17,41.8,35.7,30.5,0,Clear,2,2.7,1,0,45
NH-1918,Roads,Afcons Infrastructure,659.6,724.9,36,14,43.6,32.6,23.7,0,Pending,2,8.5,1,0,64
PW-1919,Power,Shivalik Infraprojects Ltd.,460.6,508.2,18,15,87.4,78.9,11.8,1,Clear,4,1.5,1,1,53
NH-1920,Roads,Bharat Rail Consortium,1355.4,1385.7,30,14,53.0,38.1,11.0,1,Disputed,0,2.3,0,1,64
RW-1921,Railways,Himalayan Infra Engineering,1185.5,1366.5,18,4,22.5,0.5,77.9,1,Disputed,3,2.6,1,1,95
BR-1922,Bridges,Shivalik Infraprojects Ltd.,546.7,621.7,24,16,68.4,60.3,19.3,0,Clear,3,11.7,1,0,67
NH-1923,Roads,Omkar Roadways Ltd.,536.9,622.0,36,15,39.1,29.8,32.0,1,Clear,4,10.1,1,0,78
RW-1924,Railways,Larsen & Toubro Infra,821.0,940.2,30,11,32.5,14.8,12.8,0,Disputed,3,11.8,1,1,95
RW-1925,Railways,Larsen & Toubro Infra,557.6,601.3,36,16,44.8,27.8,19.1,1,Disputed,0,7.0,0,1,81
NH-1926,Roads,Shivalik Infraprojects Ltd.,891.6,1016.4,24,12,52.0,30.3,32.5,1,Disputed,3,3.6,1,1,93
NH-1927,Roads,Himalayan Infra Engineering,372.9,378.4,18,7,44.9,43.5,20.2,0,Clear,0,8.1,0,0,29
BR-1928,Bridges,Vindhya Powergrid Ltd.,947.8,1008.8,36,8,20.1,14.6,10.9,1,Pending,1,8.8,0,0,55
NH-1929,Roads,Apex Bullet Infra Ltd.,519.1,531.4,24,7,30.4,22.2,22.2,1,Pending,1,-3.7,0,0,39
PW-1930,Power,Tata Projects Ltd.,622.3,655.9,24,7,29.6,21.9,33.3,1,Pending,0,3.1,0,0,49
RW-1931,Railways,Larsen & Toubro Infra,347.2,396.7,18,7,42.1,30.0,17.2,2,Clear,5,-1.9,1,1,67
NH-1932,Roads,Apex Bullet Infra Ltd.,713.4,724.6,30,9,30.4,30.4,16.8,1,Clear,0,3.4,0,0,25
RW-1933,Railways,Eastern Rail Infra Pvt. Ltd.,1644.5,1707.5,24,9,38.2,36.5,14.8,0,Clear,2,3.9,0,0,28
BR-1934,Bridges,Bharat Rail Consortium,911.5,1045.7,36,26,70.7,55.1,63.7,0,Pending,3,7.2,1,1,79
PW-1935,Power,Dilip Buildcon Ltd.,825.2,898.3,36,20,56.7,36.2,144.4,0,Pending,1,-1.6,1,1,86
BR-1936,Bridges,NCC Infrastructure,476.6,503.9,30,6,12.9,0.0,18.4,1,Disputed,0,6.9,0,1,68
RW-1937,Railways,Bharat Rail Consortium,899.8,957.8,18,12,71.0,55.0,16.4,0,Disputed,0,7.9,0,1,74
PW-1938,Power,Tata Projects Ltd.,909.0,1053.0,30,7,22.7,0.0,141.8,0,Pending,2,6.2,1,1,95
RW-1939,Railways,Afcons Infrastructure,955.1,1024.5,24,23,95.0,84.5,31.0,2,Clear,1,5.9,0,1,60
NH-1940,Roads,NCC Infrastructure,372.2,384.3,60,51,84.7,81.2,11.9,1,Clear,1,5.6,0,0,38
PW-1941,Power,Ganga Construction Co.,1194.1,1286.3,60,48,80.8,69.0,27.5,1,Clear,0,9.9,0,1,57
BR-1942,Bridges,Larsen & Toubro Infra,778.4,890.4,30,16,51.8,30.8,18.4,2,Disputed,3,3.0,1,1,93
RW-1943,Railways,Larsen & Toubro Infra,507.4,548.8,48,16,34.5,31.0,27.9,0,Clear,2,10.1,1,0,45
NH-1944,Roads,Larsen & Toubro Infra,1145.9,1416.7,30,9,27.5,0.0,118.2,1,Disputed,5,4.8,1,1,95
BR-1945,Bridges,Afcons Infrastructure,334.2,349.4,30,23,83.3,70.3,14.0,0,Disputed,1,5.3,0,1,64
NH-1946,Roads,Vindhya Powergrid Ltd.,1296.2,1444.9,48,45,95.0,82.6,24.1,0,Disputed,4,-5.5,1,1,73
NH-1947,Roads,Vindhya Powergrid Ltd.,494.5,538.8,42,18,43.4,35.8,13.7,0,Pending,3,3.2,1,0,51
RW-1948,Railways,Bharat Rail Consortium,797.5,922.0,36,15,33.7,21.2,26.1,0,Pending,5,1.6,1,1,69
BR-1949,Bridges,Dilip Buildcon Ltd.,431.3,486.4,60,21,36.5,15.9,146.3,1,Clear,3,4.8,1,1,95
PW-1950,Power,Afcons Infrastructure,1289.2,1289.2,36,14,39.8,35.6,19.8,1,Pending,0,-1.3,0,0,30
NH-1951,Roads,Dilip Buildcon Ltd.,623.2,673.3,30,12,38.0,13.6,117.3,1,Pending,1,10.0,1,1,95
BR-1952,Bridges,Afcons Infrastructure,1121.1,1207.4,42,12,29.2,24.2,25.9,0,Pending,3,-4.6,0,0,44
NH-1953,Roads,Vindhya Powergrid Ltd.,753.6,797.9,36,28,77.5,71.9,16.3,1,Pending,0,4.1,0,0,45
NH-1954,Roads,Eastern Rail Infra Pvt. Ltd.,852.4,892.0,30,20,63.1,58.9,20.7,1,Clear,1,2.3,0,0,37
NH-1955,Roads,Omkar Roadways Ltd.,771.0,847.2,48,11,18.4,4.7,125.3,1,Clear,0,8.7,1,1,83
NH-1956,Roads,Bharat Rail Consortium,651.7,674.6,18,14,76.5,63.1,24.6,0,Disputed,0,2.1,0,1,57
NH-1957,Roads,Larsen & Toubro Infra,713.4,775.2,30,9,31.0,22.1,19.6,0,Pending,4,1.3,1,0,55
NH-1958,Roads,Vindhya Powergrid Ltd.,447.7,447.7,24,4,14.7,9.8,16.3,0,Pending,0,7.9,0,0,39
NH-1959,Roads,Bharat Rail Consortium,707.8,739.0,36,6,12.0,0.0,100.6,1,Clear,1,0.3,0,1,59
NH-1960,Roads,Tata Projects Ltd.,353.8,386.5,60,38,61.3,50.9,72.1,0,Pending,1,7.7,1,0,64
BR-1961,Bridges,Omkar Roadways Ltd.,1702.9,1877.2,42,22,54.0,32.0,121.2,2,Clear,0,18.8,1,1,95
NH-1962,Roads,NCC Infrastructure,1015.8,1193.3,48,42,90.9,77.4,10.5,1,Clear,5,3.7,1,1,79
NH-1963,Roads,Afcons Infrastructure,425.5,501.9,30,12,43.9,21.4,123.7,1,Clear,2,16.5,1,1,95
PW-1964,Power,Desert Sun Powergrid JV,1097.8,1123.5,18,9,54.2,40.4,98.6,2,Clear,0,2.5,0,1,59
BR-1965,Bridges,Afcons Infrastructure,632.3,693.2,24,13,52.9,31.8,93.4,0,Disputed,1,-8.0,1,1,86
BR-1966,Bridges,Shivalik Infraprojects Ltd.,512.1,596.7,30,25,81.4,62.6,120.6,0,Clear,2,14.6,1,1,95
BR-1967,Bridges,Dilip Buildcon Ltd.,1039.8,1195.4,48,41,86.5,69.5,132.7,1,Clear,5,1.5,1,1,85
NH-1968,Roads,Vindhya Powergrid Ltd.,304.4,341.7,36,20,53.6,33.3,19.6,0,Disputed,4,1.9,1,1,90
RW-1969,Railways,Afcons Infrastructure,767.2,870.3,24,4,11.5,0.0,141.6,0,Clear,5,1.2,1,0,77
RW-1970,Railways,Eastern Rail Infra Pvt. Ltd.,493.3,525.0,36,26,76.9,62.0,84.3,2,Clear,0,10.3,0,1,78
RW-1971,Railways,Omkar Roadways Ltd.,580.9,589.8,36,16,44.8,44.8,15.1,0,Clear,0,1.4,0,0,19
PW-1972,Power,Vindhya Powergrid Ltd.,385.8,425.1,24,5,13.3,0.0,18.1,0,Disputed,1,5.7,1,1,72
BR-1973,Bridges,Omkar Roadways Ltd.,1070.4,1164.0,48,18,33.9,23.2,10.5,2,Clear,2,6.8,1,0,63
PW-1974,Power,Desert Sun Powergrid JV,982.4,1107.1,30,16,52.0,46.2,10.8,0,Clear,4,0.3,1,0,50
NH-1975,Roads,Afcons Infrastructure,724.8,806.3,42,34,86.0,73.1,25.5,1,Pending,1,8.0,1,1,73
BR-1976,Bridges,Eastern Rail Infra Pvt. Ltd.,971.6,993.2,30,5,19.3,7.0,53.8,2,Clear,0,7.3,0,1,55
RW-1977,Railways,Desert Sun Powergrid JV,2354.0,2443.6,24,19,81.4,67.4,26.7,0,Disputed,0,7.1,0,1,64
PW-1978,Power,Desert Sun Powergrid JV,773.3,835.8,36,11,33.2,10.3,79.0,2,Pending,0,10.9,1,1,93
NH-1979,Roads,Bharat Rail Consortium,1101.0,1253.5,36,29,80.7,70.1,11.3,0,Pending,3,8.6,1,1,75
BR-1980,Bridges,Tata Projects Ltd.,776.4,833.8,24,5,20.6,15.7,28.6,1,Clear,0,8.3,0,0,49
BR-1981,Bridges,Dilip Buildcon Ltd.,1204.1,1324.5,24,14,59.6,51.0,31.4,2,Pending,2,4.5,1,0,66
BR-1982,Bridges,Shivalik Infraprojects Ltd.,806.0,891.5,30,21,69.9,56.7,25.0,0,Pending,3,-3.0,1,1,61
NH-1983,Roads,Patel Engineering,503.9,571.9,24,7,34.0,0.6,128.1,2,Disputed,1,9.7,1,1,95
NH-1984,Roads,Omkar Roadways Ltd.,814.7,923.9,30,17,63.0,51.3,12.5,1,Pending,4,5.3,1,0,74
NH-1985,Roads,Bharat Rail Consortium,594.4,674.9,18,11,62.4,51.9,24.8,1,Clear,3,8.5,1,0,73
RW-1986,Railways,Vindhya Powergrid Ltd.,1138.6,1246.0,36,33,89.7,65.4,132.4,1,Disputed,0,-3.1,1,1,90
PW-1987,Power,Patel Engineering,492.6,540.7,30,20,63.9,47.2,26.7,1,Disputed,0,9.1,1,1,81
BR-1988,Bridges,Larsen & Toubro Infra,796.0,842.5,36,29,81.7,67.0,20.7,2,Pending,0,14.8,0,1,72
RW-1989,Railways,Shivalik Infraprojects Ltd.,723.6,814.9,36,23,66.7,55.8,19.2,1,Clear,5,6.6,1,0,70
NH-1990,Roads,Himalayan Infra Engineering,1229.2,1410.0,36,7,16.8,0.0,128.4,2,Pending,3,10.8,1,1,94
NH-1991,Roads,Omkar Roadways Ltd.,455.3,455.3,18,5,23.5,15.9,31.9,1,Pending,0,3.7,0,0,40
PW-1992,Power,Patel Engineering,671.4,723.0,30,27,92.4,71.1,147.7,1,Clear,0,2.0,0,1,85
RW-1993,Railways,Desert Sun Powergrid JV,1209.8,1288.5,24,16,66.0,57.9,12.7,1,Pending,0,5.4,0,0,48
PW-1994,Power,Shivalik Infraprojects Ltd.,432.2,458.5,60,50,79.9,60.5,146.5,0,Pending,1,-2.4,0,1,80
RW-1995,Railways,Shivalik Infraprojects Ltd.,295.9,333.7,36,21,52.8,37.0,10.9,1,Pending,3,9.7,1,1,80
PW-1996,Power,Eastern Rail Infra Pvt. Ltd.,669.7,699.4,60,24,41.4,33.0,75.0,0,Pending,0,-0.4,0,0,48
RW-1997,Railways,Bharat Rail Consortium,860.2,985.9,42,16,40.6,30.9,16.0,1,Pending,3,7.5,1,0,75
NH-1998,Roads,Afcons Infrastructure,525.7,549.7,18,6,37.8,29.7,33.3,1,Pending,1,-1.0,0,0,46
NH-1999,Roads,Desert Sun Powergrid JV,796.2,879.1,48,8,18.4,0.0,33.9,1,Disputed,0,10.9,1,1,91
NH-2000,Roads,Ganga Construction Co.,312.9,346.9,36,14,37.2,16.3,110.0,1,Pending,2,4.5,1,1,91
NH-2001,Roads,Tata Projects Ltd.,915.5,947.7,48,36,72.6,61.6,30.8,2,Pending,0,2.8,0,1,54
RW-2002,Railways,Patel Engineering,799.2,805.4,18,10,57.0,50.6,71.4,0,Clear,0,-7.2,0,0,35
RW-2003,Railways,Eastern Rail Infra Pvt. Ltd.,564.2,648.2,30,24,77.5,48.7,70.6,2,Disputed,1,11.2,1,1,95
PW-2004,Power,Vindhya Powergrid Ltd.,1134.8,1170.1,48,13,23.5,9.8,10.9,2,Pending,0,3.1,0,1,53
NH-2005,Roads,Desert Sun Powergrid JV,542.9,687.3,24,14,62.4,29.3,139.3,2,Pending,5,16.0,1,1,95
NH-2006,Roads,Dilip Buildcon Ltd.,596.4,605.6,36,29,84.2,80.9,22.0,0,Pending,0,6.2,0,0,33
BR-2007,Bridges,Ganga Construction Co.,415.2,430.4,24,9,38.0,20.1,10.7,2,Disputed,0,3.7,0,1,74
NH-2008,Roads,Ganga Construction Co.,760.1,809.6,36,29,79.8,71.1,53.4,1,Clear,0,6.9,0,1,53
BR-2009,Bridges,NCC Infrastructure,695.2,731.4,24,14,62.4,49.2,30.3,2,Pending,0,9.0,0,1,69
NH-2010,Roads,Patel Engineering,2041.0,2173.7,24,13,57.3,44.4,64.0,1,Clear,0,7.4,0,1,64
RW-2011,Railways,Shivalik Infraprojects Ltd.,990.8,1105.0,36,24,69.1,58.1,18.6,2,Clear,1,13.2,1,0,70
NH-2012,Roads,Desert Sun Powergrid JV,655.2,671.8,24,8,28.2,20.3,29.8,0,Pending,1,-3.9,0,0,34
RW-2013,Railways,Tata Projects Ltd.,1542.6,1640.1,24,14,58.9,49.8,21.9,1,Pending,1,5.9,0,0,54
PW-2014,Power,Dilip Buildcon Ltd.,1211.4,1384.0,36,28,87.1,60.1,97.4,1,Disputed,1,14.4,1,1,95
BR-2015,Bridges,Vindhya Powergrid Ltd.,726.2,770.1,30,16,52.7,41.6,67.8,0,Pending,0,-2.9,0,0,50
RW-2016,Railways,Ganga Construction Co.,968.3,1004.8,30,21,68.2,56.2,120.7,1,Clear,0,6.3,0,1,66
RW-2017,Railways,Dilip Buildcon Ltd.,549.5,565.9,30,12,38.3,26.9,57.0,2,Pending,0,2.0,0,0,53
RW-2018,Railways,Afcons Infrastructure,817.1,951.2,30,23,79.7,52.5,137.3,1,Clear,5,1.4,1,1,95
NH-2019,Roads,Afcons Infrastructure,1026.1,1046.3,36,14,35.4,35.4,16.1,0,Clear,0,1.9,0,0,27
PW-2020,Power,Bharat Rail Consortium,937.1,969.2,48,35,73.6,66.2,27.7,0,Pending,1,-7.0,0,0,41
RW-2021,Railways,Afcons Infrastructure,995.7,1105.1,36,25,69.4,61.8,22.8,0,Clear,5,0.9,1,0,52
BR-2022,Bridges,Ganga Construction Co.,536.2,568.8,60,23,38.9,31.7,13.5,0,Pending,0,12.1,0,0,53
PW-2023,Power,Himalayan Infra Engineering,535.8,578.6,18,8,44.8,33.5,24.8,2,Pending,0,11.1,1,0,72
PW-2024,Power,Vindhya Powergrid Ltd.,226.5,257.7,18,5,29.7,9.9,25.9,1,Disputed,3,2.9,1,1,92
BR-2025,Bridges,NCC Infrastructure,409.4,449.6,24,20,82.3,63.8,23.6,1,Disputed,2,0.3,1,1,85
BR-2026,Bridges,Patel Engineering,466.7,512.6,36,28,80.2,55.9,140.2,1,Pending,0,1.3,1,1,92
RW-2027,Railways,Afcons Infrastructure,821.8,904.6,36,34,87.8,73.7,27.8,1,Pending,3,-5.1,1,1,63
RW-2028,Railways,Bharat Rail Consortium,1460.5,1630.8,48,43,95.0,81.8,13.8,2,Clear,3,10.9,1,1,77
NH-2029,Roads,Tata Projects Ltd.,762.5,834.1,30,7,22.7,11.9,78.7,0,Pending,1,8.2,1,0,68
NH-2030,Roads,Omkar Roadways Ltd.,1165.9,1220.5,30,24,81.2,62.2,134.1,0,Pending,0,-1.1,0,1,77
PW-2031,Power,Himalayan Infra Engineering,551.7,646.1,42,19,44.3,22.6,83.8,1,Pending,4,7.5,1,1,95
BR-2032,Bridges,Desert Sun Powergrid JV,736.8,769.9,24,12,52.2,39.6,79.7,1,Clear,1,3.4,0,1,59
NH-2033,Roads,Ganga Construction Co.,789.2,825.1,60,24,38.0,31.3,24.2,2,Clear,2,-5.3,0,0,43
BR-2034,Bridges,Omkar Roadways Ltd.,874.9,997.8,36,29,78.1,56.3,137.1,1,Pending,3,4.7,1,1,95
NH-2035,Roads,Tata Projects Ltd.,796.8,890.0,24,20,80.4,63.1,126.3,0,Clear,4,-0.5,1,1,81
RW-2036,Railways,Ganga Construction Co.,417.5,438.3,24,11,46.5,35.8,80.9,0,Pending,1,-0.4,0,0,57
BR-2037,Bridges,Shivalik Infraprojects Ltd.,398.3,477.6,36,31,83.5,67.3,14.7,2,Pending,4,7.0,1,1,94
BR-2038,Bridges,NCC Infrastructure,751.0,828.7,30,17,55.3,31.2,104.8,2,Pending,2,3.7,1,1,95
BR-2039,Bridges,Desert Sun Powergrid JV,942.1,978.1,24,10,36.3,22.1,109.3,0,Clear,1,-0.3,0,1,58
NH-2040,Roads,Dilip Buildcon Ltd.,658.5,684.0,30,19,65.2,61.1,23.9,2,Clear,1,9.7,0,0,50
PW-2041,Power,Afcons Infrastructure,504.2,570.7,36,12,31.5,23.6,32.5,1,Clear,2,14.7,1,0,68
PW-2042,Power,Bharat Rail Consortium,478.1,542.6,36,22,62.3,45.2,14.0,1,Disputed,4,-2.7,1,1,84
RW-2043,Railways,Omkar Roadways Ltd.,954.6,954.6,36,18,47.8,45.7,27.9,0,Clear,0,-3.4,0,0,17
NH-2044,Roads,Eastern Rail Infra Pvt. Ltd.,367.9,401.3,36,17,47.2,33.1,34.9,2,Clear,0,15.1,1,1,75
NH-2045,Roads,Bharat Rail Consortium,515.0,544.6,60,35,66.0,45.4,87.7,1,Disputed,0,1.5,0,1,80
BR-2046,Bridges,Ganga Construction Co.,461.8,487.4,24,4,20.5,13.8,14.8,1,Clear,0,8.1,0,0,46
RW-2047,Railways,Eastern Rail Infra Pvt. Ltd.,531.6,570.4,48,31,68.8,56.3,27.0,0,Disputed,1,-0.6,0,1,60
NH-2048,Roads,Tata Projects Ltd.,448.0,461.9,60,15,19.7,19.7,33.4,0,Clear,0,6.3,0,0,22
PW-2049,Power,Vindhya Powergrid Ltd.,1594.7,1713.1,42,12,30.6,18.6,19.9,2,Pending,1,3.3,0,1,63
RW-2050,Railways,NCC Infrastructure,1109.3,1275.8,36,11,32.2,14.9,28.9,2,Pending,3,8.4,1,1,93
BR-2051,Bridges,Omkar Roadways Ltd.,503.5,521.3,18,17,95.0,88.0,10.2,1,Clear,1,7.1,0,0,40
NH-2052,Roads,Himalayan Infra Engineering,466.1,493.4,24,17,73.8,68.6,64.0,0,Clear,2,1.9,0,0,43
NH-2053,Roads,Ganga Construction Co.,981.3,1155.7,36,26,72.0,45.0,124.9,1,Pending,3,-0.1,1,1,95
PW-2054,Power,Vindhya Powergrid Ltd.,692.5,724.9,30,16,55.4,42.7,98.0,1,Clear,0,7.7,0,1,64
NH-2055,Roads,Bharat Rail Consortium,744.1,839.9,30,23,77.3,55.7,119.6,1,Pending,2,8.4,1,1,95
RW-2056,Railways,Apex Bullet Infra Ltd.,379.6,443.0,30,27,92.3,66.1,141.2,0,Clear,4,-1.2,1,1,95
RW-2057,Railways,Ganga Construction Co.,1352.4,1590.8,36,24,68.5,31.2,132.2,2,Disputed,3,0.9,1,1,95
NH-2058,Roads,Desert Sun Powergrid JV,995.2,1186.7,30,26,87.9,64.7,29.2,1,Disputed,5,9.8,1,1,95
NH-2059,Roads,Afcons Infrastructure,442.0,455.6,30,19,65.5,61.2,17.8,1,Clear,1,-2.4,0,0,30
PW-2060,Power,Dilip Buildcon Ltd.,1527.7,1670.9,60,29,50.8,31.2,14.9,1,Disputed,1,8.1,1,1,83
NH-2061,Roads,Omkar Roadways Ltd.,831.9,898.9,30,22,72.5,59.7,11.3,1,Pending,0,11.6,1,1,69
BR-2062,Bridges,Vindhya Powergrid Ltd.,845.2,1042.6,42,31,76.4,56.7,26.9,1,Disputed,5,10.8,1,1,95
BR-2063,Bridges,Desert Sun Powergrid JV,649.7,655.8,36,15,42.7,37.7,56.3,0,Clear,0,-0.9,0,0,31
RW-2064,Railways,Larsen & Toubro Infra,1771.1,1805.7,24,22,91.1,83.7,12.8,1,Pending,0,7.3,0,0,45
NH-2065,Roads,Desert Sun Powergrid JV,489.2,529.0,36,25,68.3,65.9,25.3,0,Clear,2,8.5,1,0,45
NH-2066,Roads,Himalayan Infra Engineering,440.7,467.1,30,10,37.2,16.2,148.3,0,Pending,0,0.5,0,1,80
NH-2067,Roads,Apex Bullet Infra Ltd.,633.3,697.2,18,11,58.2,53.6,15.3,0,Clear,2,7.7,1,0,47
NH-2068,Roads,Eastern Rail Infra Pvt. Ltd.,715.3,753.6,30,10,34.1,18.7,13.1,2,Disputed,0,8.2,0,1,78
NH-2069,Roads,Afcons Infrastructure,597.4,645.1,36,33,88.4,71.6,12.2,1,Disputed,1,4.2,1,1,78
NH-2070,Roads,NCC Infrastructure,1070.1,1161.7,36,6,16.2,0.0,102.9,2,Pending,0,6.8,1,1,83
BR-2071,Bridges,Shivalik Infraprojects Ltd.,479.1,543.4,30,10,27.9,3.0,128.6,0,Disputed,2,-0.1,1,1,95
NH-2072,Roads,Larsen & Toubro Infra,906.5,1000.3,18,7,41.1,25.4,83.7,1,Pending,1,6.4,1,1,82
NH-2073,Roads,Omkar Roadways Ltd.,1184.3,1372.5,42,38,91.6,75.8,16.7,2,Pending,4,8.8,1,1,88
NH-2074,Roads,Apex Bullet Infra Ltd.,1664.7,1691.2,48,31,63.0,56.5,12.8,1,Pending,0,5.5,0,0,43
BR-2075,Bridges,Afcons Infrastructure,1483.3,1572.2,18,6,35.3,16.4,101.1,1,Pending,1,1.7,0,1,76
RW-2076,Railways,Larsen & Toubro Infra,1153.9,1199.6,30,20,63.9,55.9,11.6,2,Pending,1,3.6,0,0,51
RW-2077,Railways,Desert Sun Powergrid JV,921.2,921.2,60,36,59.3,53.4,24.9,1,Clear,0,-2.6,0,0,27
PW-2078,Power,Tata Projects Ltd.,768.0,840.2,24,11,40.3,31.9,21.6,2,Clear,2,10.5,1,0,65
PW-2079,Power,Eastern Rail Infra Pvt. Ltd.,388.7,404.1,24,14,59.0,43.7,51.6,2,Clear,0,6.2,0,1,62
RW-2080,Railways,Desert Sun Powergrid JV,909.4,998.0,24,6,25.2,2.2,142.6,1,Pending,2,11.1,1,1,93
RW-2081,Railways,Apex Bullet Infra Ltd.,832.8,930.5,30,9,31.3,12.5,29.3,1,Disputed,0,14.9,1,1,94
PW-2082,Power,Patel Engineering,773.4,909.4,24,19,80.6,61.5,135.3,0,Clear,5,4.1,1,1,94
RW-2083,Railways,Tata Projects Ltd.,1317.9,1394.3,24,10,39.9,24.2,18.3,1,Disputed,0,4.1,0,1,66
RW-2084,Railways,Larsen & Toubro Infra,963.5,1053.0,42,34,80.0,59.0,74.6,0,Disputed,0,10.1,1,1,93
RW-2085,Railways,Dilip Buildcon Ltd.,184.1,200.3,60,14,30.2,19.7,27.0,2,Pending,1,6.7,1,0,67
RW-2086,Railways,Eastern Rail Infra Pvt. Ltd.,1152.7,1299.8,36,6,17.7,4.6,22.6,1,Pending,2,9.3,1,1,73
NH-2087,Roads,Himalayan Infra Engineering,931.6,974.3,36,11,27.6,21.1,15.9,1,Pending,2,0.8,0,0,45
RW-2088,Railways,NCC Infrastructure,192.1,195.4,30,19,61.6,55.7,28.7,1,Clear,0,12.7,0,0,47
RW-2089,Railways,Patel Engineering,246.9,258.9,42,33,70.8,61.2,19.1,0,Disputed,0,-6.5,0,1,49
RW-2090,Railways,Apex Bullet Infra Ltd.,848.5,875.0,42,23,55.2,50.6,30.8,1,Clear,1,6.9,0,0,39
PW-2091,Power,Apex Bullet Infra Ltd.,640.8,685.9,18,9,43.6,33.0,23.5,2,Pending,0,8.4,0,0,58
NH-2092,Roads,Tata Projects Ltd.,692.9,788.5,30,25,83.9,61.9,22.6,2,Disputed,2,5.6,1,1,95
NH-2093,Roads,Apex Bullet Infra Ltd.,817.8,909.9,18,6,36.0,23.1,125.6,0,Clear,1,5.5,1,1,73
PW-2094,Power,Larsen & Toubro Infra,681.4,770.7,42,39,90.9,71.6,30.6,1,Disputed,3,6.0,1,1,93
NH-2095,Roads,Eastern Rail Infra Pvt. Ltd.,619.2,632.5,36,22,65.9,51.8,65.5,0,Pending,0,-2.2,0,1,54
PW-2096,Power,Dilip Buildcon Ltd.,865.9,895.5,36,15,40.6,15.6,149.5,0,Disputed,0,-2.8,0,1,84
NH-2097,Roads,NCC Infrastructure,743.8,752.9,24,21,91.0,91.0,28.5,0,Clear,0,-0.6,0,0,20
PW-2098,Power,Himalayan Infra Engineering,1150.5,1257.6,42,33,76.8,62.7,94.7,0,Clear,2,3.4,1,1,69
BR-2099,Bridges,Himalayan Infra Engineering,750.2,798.4,30,8,22.5,20.8,14.8,0,Clear,1,3.2,0,0,35
NH-2100,Roads,Afcons Infrastructure,875.2,880.5,24,5,24.2,24.2,12.1,0,Clear,0,0.0,0,0,19
RW-2101,Railways,Omkar Roadways Ltd.,382.1,393.2,36,14,37.8,23.8,121.0,0,Pending,0,-0.0,0,1,58
NH-2102,Roads,Apex Bullet Infra Ltd.,934.5,995.3,36,33,95.0,93.6,13.5,1,Clear,2,1.9,0,0,32
NH-2103,Roads,Dilip Buildcon Ltd.,472.9,503.9,36,6,20.1,15.0,23.8,1,Clear,2,-3.8,0,0,37
RW-2104,Railways,Dilip Buildcon Ltd.,1484.8,1484.8,42,30,68.6,68.6,28.4,2,Clear,0,7.2,0,0,32
RW-2105,Railways,Desert Sun Powergrid JV,1358.0,1539.2,36,20,53.1,38.9,96.9,0,Clear,4,4.7,1,1,75
RW-2106,Railways,Larsen & Toubro Infra,693.1,710.0,42,23,60.4,51.4,93.0,0,Pending,0,-1.4,0,0,52
NH-2107,Roads,Omkar Roadways Ltd.,689.5,844.1,30,12,38.7,3.1,139.4,1,Disputed,4,8.6,1,1,95
RW-2108,Railways,Patel Engineering,891.9,964.4,48,34,70.3,51.2,32.5,1,Disputed,0,6.7,1,1,80
NH-2109,Roads,Dilip Buildcon Ltd.,579.2,601.7,48,22,41.7,27.8,125.0,0,Pending,0,-1.7,0,1,64
RW-2110,Railways,Desert Sun Powergrid JV,790.7,824.9,30,20,68.6,55.1,135.3,0,Clear,0,1.4,0,1,63
RW-2111,Railways,Eastern Rail Infra Pvt. Ltd.,818.9,842.3,42,19,47.3,33.5,29.4,0,Disputed,0,0.2,0,1,55
PW-2112,Power,Desert Sun Powergrid JV,500.8,516.9,18,7,42.4,35.9,15.8,1,Clear,0,5.9,0,0,42
RW-2113,Railways,Apex Bullet Infra Ltd.,2517.4,2640.8,36,33,95.0,84.2,28.7,1,Pending,0,1.6,0,1,48
RW-2114,Railways,Larsen & Toubro Infra,600.0,721.3,30,8,22.9,3.5,34.3,2,Pending,5,5.7,1,1,95
PW-2115,Power,Vindhya Powergrid Ltd.,464.5,509.1,30,13,41.5,24.2,20.7,1,Disputed,0,12.1,1,1,85
PW-2116,Power,Ganga Construction Co.,1546.7,1574.5,24,7,29.4,29.4,32.4,0,Clear,0,6.8,0,0,28
BR-2117,Bridges,Tata Projects Ltd.,830.8,871.3,30,11,34.5,26.3,10.7,2,Pending,1,11.4,0,0,58
BR-2118,Bridges,Ganga Construction Co.,720.4,802.6,18,14,83.2,59.7,116.2,2,Pending,3,6.5,1,1,95
RW-2119,Railways,Vindhya Powergrid Ltd.,1334.0,1533.7,36,13,32.8,5.0,32.8,2,Disputed,2,10.7,1,1,95
NH-2120,Roads,NCC Infrastructure,1746.6,1810.5,30,21,74.0,65.1,26.8,2,Clear,1,5.7,0,0,51
NH-2121,Roads,Vindhya Powergrid Ltd.,536.5,568.3,36,31,86.6,84.9,21.4,0,Clear,1,2.4,0,0,32
NH-2122,Roads,Dilip Buildcon Ltd.,1436.1,1521.4,36,6,12.2,0.0,92.3,1,Pending,2,7.1,0,1,75
NH-2123,Roads,Apex Bullet Infra Ltd.,402.8,471.6,30,25,84.7,62.0,20.7,1,Disputed,5,7.7,1,1,95
BR-2124,Bridges,Desert Sun Powergrid JV,407.0,420.6,30,14,43.8,34.9,19.1,2,Pending,0,2.1,0,0,49
RW-2125,Railways,Larsen & Toubro Infra,561.1,645.8,36,19,50.5,29.9,13.5,2,Disputed,2,8.1,1,1,95
BR-2126,Bridges,Larsen & Toubro Infra,869.3,975.2,48,19,37.8,23.8,26.2,1,Pending,2,13.7,1,1,80
NH-2127,Roads,Afcons Infrastructure,1196.0,1300.1,60,11,20.6,5.5,19.9,1,Disputed,1,4.5,1,1,75
BR-2128,Bridges,Vindhya Powergrid Ltd.,1085.9,1358.6,24,20,87.2,49.4,122.9,2,Disputed,3,20.2,1,1,95
RW-2129,Railways,Vindhya Powergrid Ltd.,343.2,375.5,30,24,79.6,59.5,143.2,0,Clear,1,3.8,1,1,86
NH-2130,Roads,Afcons Infrastructure,502.4,573.3,18,15,84.0,60.5,32.6,1,Disputed,1,9.7,1,1,95
RW-2131,Railways,Vindhya Powergrid Ltd.,546.8,588.8,24,15,63.4,47.3,149.7,0,Clear,0,7.4,0,1,80
PW-2132,Power,Patel Engineering,959.3,981.5,24,12,43.2,28.3,10.4,1,Disputed,0,4.6,0,1,64
BR-2133,Bridges,Tata Projects Ltd.,863.6,948.2,36,22,66.4,52.9,32.5,1,Disputed,3,6.8,1,1,75
PW-2134,Power,Omkar Roadways Ltd.,740.9,740.9,36,6,17.5,8.9,26.2,1,Pending,0,-0.6,0,0,30
NH-2135,Roads,Vindhya Powergrid Ltd.,742.0,784.6,36,7,13.7,8.5,19.2,1,Clear,0,7.3,0,0,44
NH-2136,Roads,Patel Engineering,850.9,880.9,24,13,53.7,45.4,34.9,2,Pending,0,4.6,0,0,52
NH-2137,Roads,Eastern Rail Infra Pvt. Ltd.,2058.4,2065.2,24,8,35.2,31.9,33.2,1,Clear,0,11.8,0,0,37
BR-2138,Bridges,Desert Sun Powergrid JV,843.2,936.6,18,13,73.2,59.1,27.1,1,Pending,3,7.8,1,1,72
RW-2139,Railways,Larsen & Toubro Infra,399.9,404.4,24,4,15.2,15.2,31.7,0,Clear,1,2.2,0,0,19
NH-2140,Roads,Bharat Rail Consortium,414.2,457.1,60,40,67.5,48.1,18.3,2,Disputed,1,14.0,1,1,94
NH-2141,Roads,Larsen & Toubro Infra,1176.9,1241.4,18,6,36.1,15.1,139.0,1,Clear,0,9.0,0,1,88
PW-2142,Power,Vindhya Powergrid Ltd.,1267.9,1291.6,18,5,30.5,25.0,12.8,1,Pending,0,3.7,0,0,36
RW-2143,Railways,Afcons Infrastructure,991.2,1013.7,36,7,20.3,12.9,80.5,1,Clear,0,2.5,0,0,47
RW-2144,Railways,Bharat Rail Consortium,958.2,1024.9,36,25,65.6,61.0,15.9,0,Clear,3,3.9,0,0,41
RW-2145,Railways,Dilip Buildcon Ltd.,1368.9,1565.7,24,7,29.4,8.9,18.0,1,Disputed,1,9.2,1,1,95
PW-2146,Power,NCC Infrastructure,407.0,458.3,24,15,60.3,45.6,76.4,0,Pending,4,-4.4,1,1,72
RW-2147,Railways,Dilip Buildcon Ltd.,572.9,639.7,24,17,70.4,51.0,113.5,1,Clear,4,-6.6,1,1,86
NH-2148,Roads,Larsen & Toubro Infra,605.1,670.9,24,20,87.5,75.2,24.3,2,Clear,3,15.9,1,1,74
PW-2149,Power,Apex Bullet Infra Ltd.,1597.0,1639.8,48,41,85.7,78.7,34.3,0,Clear,0,9.5,0,0,42
NH-2150,Roads,Patel Engineering,452.4,470.5,24,9,36.2,32.8,10.1,0,Clear,0,4.2,0,0,31
NH-2151,Roads,Desert Sun Powergrid JV,1180.9,1265.7,18,4,19.3,13.2,20.2,1,Clear,1,0.0,0,0,42
BR-2152,Bridges,Bharat Rail Consortium,888.8,942.9,24,15,69.1,50.9,108.0,1,Pending,0,6.2,0,1,84
BR-2153,Bridges,Eastern Rail Infra Pvt. Ltd.,322.1,327.1,30,11,37.5,27.1,58.3,0,Pending,2,-12.9,0,0,47
NH-2154,Roads,Afcons Infrastructure,584.4,630.2,24,7,20.0,6.3,12.1,1,Disputed,0,2.1,0,1,71
BR-2155,Bridges,Shivalik Infraprojects Ltd.,1735.7,1810.9,36,33,94.0,88.0,75.6,0,Clear,0,3.0,0,0,41
PW-2156,Power,Eastern Rail Infra Pvt. Ltd.,608.9,676.1,24,15,63.2,41.7,140.0,1,Pending,1,7.8,1,1,92
RW-2157,Railways,Vindhya Powergrid Ltd.,802.0,887.3,36,20,57.4,44.2,25.2,2,Pending,0,6.3,1,1,69
NH-2158,Roads,Shivalik Infraprojects Ltd.,1112.8,1198.0,18,17,92.5,89.6,27.4,1,Clear,2,1.7,0,0,40
RW-2159,Railways,Dilip Buildcon Ltd.,419.5,438.0,48,33,71.8,53.8,73.5,1,Disputed,0,5.2,0,1,77
PW-2160,Power,Afcons Infrastructure,607.1,654.7,24,8,25.9,16.2,20.9,2,Clear,2,5.2,0,0,55
BR-2161,Bridges,NCC Infrastructure,792.1,838.2,60,46,77.2,60.9,82.9,1,Pending,1,2.8,0,1,66
NH-2162,Roads,Vindhya Powergrid Ltd.,613.7,666.3,18,16,87.8,68.2,121.7,0,Pending,1,7.1,1,1,88
NH-2163,Roads,Omkar Roadways Ltd.,651.1,749.4,24,15,62.9,44.7,13.6,1,Disputed,5,-2.4,1,1,88
NH-2164,Roads,Vindhya Powergrid Ltd.,823.2,886.5,18,15,80.7,65.4,15.5,2,Disputed,0,12.5,0,1,85
BR-2165,Bridges,Shivalik Infraprojects Ltd.,647.8,777.7,48,14,31.7,10.2,57.6,0,Disputed,4,-1.0,1,1,95
NH-2166,Roads,Dilip Buildcon Ltd.,1281.6,1400.5,24,13,46.4,32.2,23.0,2,Pending,1,9.9,1,1,68
BR-2167,Bridges,Bharat Rail Consortium,333.0,350.3,48,21,45.1,39.8,31.4,1,Clear,1,4.3,0,0,39
RW-2168,Railways,NCC Infrastructure,419.5,438.7,30,23,74.4,64.2,33.7,1,Pending,0,9.2,0,1,53
NH-2169,Roads,Dilip Buildcon Ltd.,970.1,1031.4,24,13,57.7,36.6,112.0,1,Pending,0,0.1,0,1,78
NH-2170,Roads,Dilip Buildcon Ltd.,372.6,386.9,30,12,42.8,30.7,100.7,1,Clear,0,3.6,0,1,59
RW-2171,Railways,Omkar Roadways Ltd.,840.1,872.3,24,15,62.0,48.7,11.5,0,Disputed,0,7.4,0,1,62
PW-2172,Power,Himalayan Infra Engineering,860.2,927.2,36,33,95.0,79.0,13.6,2,Pending,1,15.1,0,1,78
RW-2173,Railways,Larsen & Toubro Infra,768.8,781.3,48,10,17.8,15.1,27.3,0,Clear,0,-3.5,0,0,23
RW-2174,Railways,Dilip Buildcon Ltd.,736.5,834.2,18,10,52.7,36.9,27.7,1,Pending,1,9.9,1,1,76
PW-2175,Power,Apex Bullet Infra Ltd.,695.5,759.1,36,31,92.6,65.3,105.4,2,Disputed,0,9.6,1,1,95
RW-2176,Railways,Vindhya Powergrid Ltd.,1284.1,1310.0,60,36,56.5,46.4,64.5,1,Clear,0,-0.5,0,0,43
NH-2177,Roads,Vindhya Powergrid Ltd.,804.5,840.8,36,30,83.3,71.9,12.9,2,Pending,0,4.9,0,1,56
RW-2178,Railways,Patel Engineering,765.0,819.7,36,33,93.9,77.3,16.8,1,Disputed,1,8.0,0,1,81
PW-2179,Power,Tata Projects Ltd.,806.8,840.4,30,17,58.3,42.3,100.7,0,Pending,0,0.7,0,1,61
PW-2180,Power,Patel Engineering,1008.7,1008.7,30,16,56.8,48.7,107.8,0,Clear,0,-1.2,0,0,39
RW-2181,Railways,Eastern Rail Infra Pvt. Ltd.,1135.4,1142.8,36,9,29.7,28.6,30.6,0,Clear,0,-3.0,0,0,16
RW-2182,Railways,Shivalik Infraprojects Ltd.,461.9,493.3,42,16,41.4,22.9,126.8,1,Clear,1,2.0,0,1,79
NH-2183,Roads,NCC Infrastructure,606.8,650.1,48,31,67.4,58.0,19.5,1,Pending,1,3.1,0,0,54
NH-2184,Roads,Afcons Infrastructure,1094.8,1161.7,30,14,48.4,33.3,127.6,0,Clear,0,7.5,0,1,68
NH-2185,Roads,Desert Sun Powergrid JV,949.3,1062.1,24,12,50.1,32.1,99.4,2,Clear,0,10.7,1,1,88
RW-2186,Railways,Vindhya Powergrid Ltd.,1018.6,1054.3,36,19,53.4,37.5,125.0,0,Pending,0,3.0,0,1,69
NH-2187,Roads,Larsen & Toubro Infra,880.3,916.7,36,20,57.5,55.2,17.1,0,Pending,1,0.9,0,0,36
NH-2188,Roads,Himalayan Infra Engineering,972.7,1027.1,30,24,83.5,74.1,32.9,2,Clear,2,-1.1,0,1,48
NH-2189,Roads,Patel Engineering,634.1,673.7,30,11,38.7,21.9,93.3,2,Clear,0,8.7,0,1,77
NH-2190,Roads,Afcons Infrastructure,991.4,1099.7,36,13,43.4,33.9,51.5,1,Clear,4,-2.0,1,0,61
RW-2191,Railways,Himalayan Infra Engineering,442.7,488.1,30,5,18.8,11.1,20.9,0,Clear,3,0.1,1,0,49
RW-2192,Railways,Vindhya Powergrid Ltd.,669.7,680.0,36,9,28.3,25.2,26.4,0,Pending,0,-3.5,0,0,27
BR-2193,Bridges,Tata Projects Ltd.,269.5,275.9,42,26,64.9,64.7,22.9,0,Clear,0,2.4,0,0,25
RW-2194,Railways,Bharat Rail Consortium,685.6,724.1,30,12,40.0,31.2,15.1,1,Pending,0,15.8,0,0,62
NH-2195,Roads,Tata Projects Ltd.,853.9,902.4,36,25,73.4,67.0,23.6,1,Clear,1,11.6,0,0,51
PW-2196,Power,Patel Engineering,564.0,600.1,18,15,83.8,77.9,31.1,0,Pending,0,6.2,0,0,46
NH-2197,Roads,Desert Sun Powergrid JV,478.1,478.1,42,33,82.5,70.8,87.5,0,Pending,0,5.0,0,1,54
BR-2198,Bridges,Tata Projects Ltd.,513.9,562.5,24,8,29.3,4.2,149.4,1,Pending,1,2.5,1,1,94
NH-2199,Roads,Himalayan Infra Engineering,897.9,912.6,36,30,83.5,71.0,100.9,0,Clear,0,-2.1,0,1,46
RW-2200,Railways,Patel Engineering,261.3,290.9,36,7,24.2,2.3,48.6,2,Disputed,1,10.1,1,1,93
